time_s,PA_deg,DA_deg,PWM_duty
0.0071,192.832,0.026,-10.0
0.017,192.832,0.025,-10.0
0.027,192.832,0.025,-10.0
0.037,193.008,0.025,-10.0
0.047,193.008,0.024,-10.0
0.057,193.096,0.023,-10.0
0.067,193.271,0.023,-10.0
0.077,193.447,0.022,-10.0
0.087,193.535,0.021,-10.0
0.097,193.799,0.02,-10.0
0.107,193.887,0.019,-10.0
0.117,194.062,0.017,-10.0
0.127,194.238,0.016,-10.0
0.137,194.414,0.015,-10.0
0.147,194.59,0.014,-10.0
0.157,194.766,0.013,-10.0
0.167,194.941,0.011,-10.0
0.177,195.117,0.01,-10.0
0.187,195.293,0.009,-10.0
0.197,195.469,0.007,-10.0
0.207,195.645,0.006,-10.0
0.217,195.732,0.004,-10.0
0.227,195.908,0.002,-10.0
0.237,196.084,0.001,-10.0
0.247,196.26,-0.001,-10.0
0.257,196.436,-0.003,-10.0
0.267,196.611,-0.005,-10.0
0.277,196.875,-0.007,-10.0
0.287,196.963,-0.008,-10.0
0.297,197.051,-0.01,-10.0
0.3071,197.227,-0.012,-10.0
0.3171,197.314,-0.014,-10.0
0.3272,197.402,-0.016,-10.0
0.3371,197.49,-0.017,-10.0
0.3471,197.578,-0.019,-10.0
0.357,197.666,-0.021,-10.0
0.367,197.754,-0.023,-10.0
0.377,197.754,-0.025,-10.0
0.387,197.842,-0.027,-10.0
0.397,197.842,-0.029,-10.0
0.407,197.842,-0.031,-10.0
0.417,197.842,-0.033,-10.0
0.427,197.754,-0.036,-10.0
0.437,197.666,-0.038,-10.0
0.447,197.666,-0.04,-10.0
0.457,197.578,-0.043,-10.0
0.467,197.578,-0.045,-10.0
0.477,197.49,-0.047,-10.0
0.487,197.402,-0.05,-10.0
0.497,197.227,-0.052,-10.0
0.507,197.139,-0.055,-10.0
0.517,196.963,-0.057,-10.0
0.527,196.875,-0.059,-10.0
0.537,196.699,-0.061,-10.0
0.547,196.523,-0.063,-10.0
0.557,196.348,-0.065,-10.0
0.567,196.172,-0.068,-10.0
0.577,195.996,-0.07,-10.0
0.587,195.732,-0.072,-10.0
0.597,195.557,-0.074,-10.0
0.607,195.293,-0.077,-10.0
0.617,195.029,-0.079,-10.0
0.627,194.766,-0.081,-10.0
0.637,194.502,-0.083,-10.0
0.647,194.326,-0.085,-10.0
0.657,193.975,-0.087,-10.0
0.667,193.799,-0.089,-10.0
0.677,193.623,-0.092,-10.0
0.687,193.359,-0.094,-10.0
0.697,193.096,-0.096,-10.0
0.707,192.832,-0.098,-10.0
0.717,192.568,-0.1,-10.0
0.727,192.393,-0.102,-10.0
0.737,192.041,-0.105,-10.0
0.747,191.865,-0.107,-10.0
0.757,191.602,-0.109,-10.0
0.767,191.426,-0.112,-10.0
0.777,191.162,-0.114,-10.0
0.787,190.986,-0.117,-10.0
0.797,190.723,-0.119,-10.0
0.807,190.635,-0.121,-10.0
0.817,190.371,-0.123,-10.0
0.827,190.195,-0.126,-10.0
0.837,190.02,-0.128,-10.0
0.847,189.844,-0.131,-10.0
0.857,189.756,-0.133,-10.0
0.867,189.58,-0.135,-10.0
0.877,189.492,-0.137,-10.0
0.887,189.316,-0.139,-10.0
0.897,189.229,-0.141,-10.0
0.907,189.141,-0.144,-10.0
0.917,189.053,-0.146,-10.0
0.927,188.965,-0.148,-10.0
0.937,188.877,-0.151,-10.0
0.947,188.877,-0.153,-10.0
0.957,188.789,-0.155,-10.0
0.967,188.789,-0.157,-10.0
0.977,188.789,-0.16,-10.0
0.987,188.701,-0.162,-10.0
0.997,188.701,-0.164,-10.0
1.0073,188.701,-0.167,-10.0
1.0171,188.701,-0.169,-10.0
1.0271,188.789,-0.171,-10.0
1.0371,188.789,-0.173,-10.0
1.047,188.877,-0.176,-10.0
1.057,188.877,-0.178,-10.0
1.067,188.965,-0.18,-10.0
1.077,188.965,-0.182,-10.0
1.0871,189.053,-0.184,-10.0
1.0971,189.141,-0.186,-10.0
1.1071,189.316,-0.189,-10.0
1.1171,189.492,-0.191,-10.0
1.127,189.58,-0.193,-10.0
1.137,189.932,-0.196,-10.0
1.147,190.02,-0.198,-10.0
1.157,190.195,-0.201,-10.0
1.167,190.547,-0.203,-10.0
1.177,190.635,-0.206,-10.0
1.187,190.898,-0.208,-10.0
1.197,191.162,-0.211,-10.0
1.207,191.338,-0.213,-10.0
1.217,191.689,-0.215,-10.0
1.227,191.953,-0.218,-10.0
1.237,192.217,-0.22,-10.0
1.247,192.48,-0.223,-10.0
1.257,192.744,-0.225,-10.0
1.2671,193.008,-0.228,-10.0
1.277,193.271,-0.23,-10.0
1.287,193.535,-0.233,-10.0
1.297,193.799,-0.235,-10.0
1.307,194.15,-0.238,-10.0
1.317,194.414,-0.24,-10.0
1.327,194.678,-0.243,-10.0
1.3371,194.854,-0.246,-10.0
1.3471,195.117,-0.248,-10.0
1.3571,195.293,-0.25,-10.0
1.3671,195.469,-0.253,-10.0
1.377,195.645,-0.255,-10.0
1.387,195.82,-0.257,-10.0
1.397,195.996,-0.259,-10.0
1.407,196.172,-0.262,-10.0
1.417,196.26,-0.264,-10.0
1.427,196.436,-0.266,-10.0
1.437,196.523,-0.268,-10.0
1.447,196.523,-0.27,-10.0
1.457,196.611,-0.272,-10.0
1.467,196.611,-0.274,-10.0
1.477,196.611,-0.276,-10.0
1.4871,196.611,-0.278,-10.0
1.4971,196.611,-0.28,-10.0
1.507,196.611,-0.282,-10.0
1.517,196.611,-0.284,-10.0
1.527,196.523,-0.286,-10.0
1.537,196.436,-0.288,-10.0
1.547,196.348,-0.29,-10.0
1.557,196.26,-0.292,-10.0
1.567,196.172,-0.294,-10.0
1.577,195.996,-0.296,-10.0
1.587,195.908,-0.298,-10.0
1.597,195.732,-0.299,-10.0
1.607,195.645,-0.302,-10.0
1.617,195.469,-0.304,-10.0
1.627,195.381,-0.306,-10.0
1.637,195.205,-0.308,-10.0
1.647,195.117,-0.31,-10.0
1.657,194.854,-0.312,-10.0
1.667,194.766,-0.314,-10.0
1.677,194.59,-0.316,-10.0
1.687,194.414,-0.318,-10.0
1.697,194.238,-0.32,-10.0
1.707,194.062,-0.323,-10.0
1.717,193.887,-0.325,-10.0
1.727,193.711,-0.327,-10.0
1.737,193.535,-0.329,-10.0
1.747,193.359,-0.331,-10.0
1.757,193.184,-0.333,-10.0
1.767,193.008,-0.335,-10.0
1.777,192.832,-0.337,-10.0
1.787,192.656,-0.339,-10.0
1.797,192.48,-0.341,-10.0
1.807,192.217,-0.343,-10.0
1.817,192.041,-0.345,-10.0
1.827,191.953,-0.347,-10.0
1.837,191.777,-0.349,-10.0
1.847,191.514,-0.351,-10.0
1.857,191.338,-0.352,-10.0
1.867,191.162,-0.354,-10.0
1.877,190.986,-0.356,-10.0
1.887,190.811,-0.358,-10.0
1.897,190.635,-0.36,-10.0
1.907,190.459,-0.362,-10.0
1.917,190.283,-0.364,-10.0
1.927,190.195,-0.366,-10.0
1.937,190.107,-0.368,-10.0
1.947,190.02,-0.37,-10.0
1.957,189.844,-0.372,-10.0
1.9671,189.756,-0.374,-10.0
1.977,189.668,-0.376,-10.0
1.987,189.492,-0.377,-10.0
1.9971,189.404,-0.379,-10.0
2.0071,189.316,-0.381,-10.0
2.0171,189.229,-0.382,-10.0
2.0271,189.141,-0.384,-10.0
2.0371,189.141,-0.385,-10.0
2.047,189.141,-0.387,-10.0
2.0572,189.053,-0.389,-10.0
2.0672,189.053,-0.39,-10.0
2.0772,188.965,-0.392,-10.0
2.0871,189.053,-0.394,-10.0
2.0971,188.965,-0.395,-10.0
2.1071,189.053,-0.397,-10.0
2.1171,189.053,-0.398,-10.0
2.1271,189.053,-0.4,-10.0
2.1371,189.053,-0.394,-10.0
2.1471,189.141,-0.403,-10.0
2.1571,189.229,-0.405,-10.0
2.1671,189.316,-0.406,-10.0
2.1771,189.404,-0.408,-10.0
2.1871,189.58,-0.41,-10.0
2.1971,189.668,-0.412,-10.0
2.2071,189.756,-0.414,-10.0
2.2173,189.932,-0.416,-10.0
2.2271,190.107,-0.418,-10.0
2.2371,190.195,-0.419,-10.0
2.2471,190.371,-0.421,-10.0
2.2571,190.547,-0.423,-10.0
2.2671,190.635,-0.425,-10.0
2.277,190.811,-0.422,0.0
2.2871,190.811,-0.422,0.0
2.2971,190.723,-0.422,0.0
2.3071,190.635,-0.422,0.0
2.3171,190.283,-0.421,0.0
2.3271,190.02,-0.42,0.0
2.3371,189.932,-0.419,0.0
2.347,189.668,-0.418,0.0
2.357,189.58,-0.418,0.0
2.3671,189.492,-0.417,0.0
2.3771,189.404,-0.417,0.0
2.387,189.404,-0.417,0.0
2.397,189.404,-0.417,0.0
2.407,189.404,-0.417,0.0
2.417,189.404,-0.417,0.0
2.427,189.492,-0.417,0.0
2.437,189.492,-0.417,0.0
2.447,189.58,-0.417,0.0
2.457,189.668,-0.417,0.0
2.467,189.756,-0.417,0.0
2.477,189.844,-0.417,0.0
2.4871,189.932,-0.417,0.0
2.497,190.02,-0.417,0.0
2.507,190.107,-0.417,0.0
2.517,190.283,-0.417,0.0
2.527,190.371,-0.417,0.0
2.537,190.547,-0.417,0.0
2.547,190.635,-0.417,0.0
2.557,190.811,-0.417,0.0
2.5671,190.898,-0.417,0.0
2.5771,191.074,-0.417,0.0
2.587,191.25,-0.417,0.0
2.597,191.426,-0.417,0.0
2.607,191.602,-0.417,0.0
2.617,191.777,-0.417,0.0
2.627,191.953,-0.417,0.0
2.637,192.129,-0.417,0.0
2.647,192.305,-0.417,0.0
2.657,192.48,-0.417,0.0
2.667,192.568,-0.417,0.0
2.677,192.832,-0.417,0.0
2.6871,193.008,-0.417,0.0
2.697,193.096,-0.417,0.0
2.707,193.359,-0.417,0.0
2.717,193.535,-0.417,0.0
2.727,193.711,-0.417,0.0
2.737,193.799,-0.417,0.0
2.747,193.975,-0.417,0.0
2.757,194.15,-0.417,0.0
2.7671,194.326,-0.417,0.0
2.7771,194.414,-0.417,10.0
2.7871,194.59,-0.417,10.0
2.797,194.678,-0.416,10.0
2.807,194.766,-0.416,10.0
2.817,194.678,-0.415,10.0
2.827,194.766,-0.414,10.0
2.837,194.678,-0.414,10.0
2.847,194.678,-0.413,10.0
2.857,194.59,-0.412,10.0
2.867,194.59,-0.411,10.0
2.877,194.502,-0.409,10.0
2.8871,194.414,-0.408,10.0
2.8971,194.238,-0.407,10.0
2.9071,194.062,-0.405,10.0
2.9171,193.975,-0.404,10.0
2.9271,193.799,-0.403,10.0
2.9371,193.535,-0.401,10.0
2.9471,193.359,-0.4,10.0
2.957,193.096,-0.398,10.0
2.9671,192.92,-0.396,10.0
2.9771,192.744,-0.395,10.0
2.9871,192.48,-0.393,10.0
2.9971,192.305,-0.392,10.0
3.0071,192.129,-0.39,10.0
3.0171,191.953,-0.388,10.0
3.0271,191.777,-0.387,10.0
3.0371,191.514,-0.385,10.0
3.0471,191.338,-0.384,10.0
3.0571,191.25,-0.382,10.0
3.0671,190.986,-0.381,10.0
3.0771,190.811,-0.379,10.0
3.0872,190.635,-0.378,10.0
3.0971,190.459,-0.376,10.0
3.1071,190.283,-0.374,10.0
3.1171,190.107,-0.373,10.0
3.1271,190.02,-0.371,10.0
3.1371,189.932,-0.37,10.0
3.1471,189.756,-0.368,10.0
3.1571,189.668,-0.367,10.0
3.1671,189.58,-0.365,10.0
3.1771,189.492,-0.364,10.0
3.1871,189.492,-0.362,10.0
3.1971,189.492,-0.36,10.0
3.2071,189.316,-0.359,10.0
3.2171,189.404,-0.357,10.0
3.2271,189.316,-0.356,10.0
3.2371,189.316,-0.354,10.0
3.2471,189.316,-0.352,10.0
3.2571,189.316,-0.351,10.0
3.2671,189.316,-0.349,10.0
3.2771,189.316,-0.348,10.0
3.2871,189.404,-0.346,10.0
3.2971,189.404,-0.344,10.0
3.3071,189.492,-0.343,10.0
3.3171,189.492,-0.341,10.0
3.3271,189.58,-0.339,10.0
3.3371,189.58,-0.337,10.0
3.3471,189.668,-0.335,10.0
3.3571,189.756,-0.334,10.0
3.3671,189.756,-0.332,10.0
3.3771,189.932,-0.33,10.0
3.3871,189.932,-0.328,10.0
3.3971,190.02,-0.326,10.0
3.4071,190.107,-0.325,10.0
3.4171,190.195,-0.323,10.0
3.4271,190.283,-0.321,10.0
3.4371,190.371,-0.319,10.0
3.4471,190.459,-0.316,10.0
3.4571,190.635,-0.314,10.0
3.4671,190.723,-0.312,10.0
3.4771,190.723,-0.31,10.0
3.4871,190.898,-0.308,10.0
3.4971,190.986,-0.306,10.0
3.5071,191.162,-0.303,10.0
3.5171,191.25,-0.301,10.0
3.5271,191.426,-0.299,10.0
3.5371,191.514,-0.296,10.0
3.5471,191.689,-0.294,10.0
3.5571,191.777,-0.292,10.0
3.5671,191.953,-0.29,10.0
3.5771,192.129,-0.288,10.0
3.5871,192.217,-0.285,10.0
3.5971,192.48,-0.283,10.0
3.6071,192.656,-0.281,10.0
3.6171,192.832,-0.279,10.0
3.6271,193.008,-0.277,10.0
3.6371,193.096,-0.275,10.0
3.6471,193.359,-0.273,10.0
3.6571,193.535,-0.271,10.0
3.6671,193.711,-0.269,10.0
3.6771,193.887,-0.267,10.0
3.6871,194.062,-0.265,10.0
3.6971,194.15,-0.263,10.0
3.7071,194.414,-0.261,10.0
3.7171,194.502,-0.259,10.0
3.7271,194.59,-0.257,10.0
3.7371,194.766,-0.255,10.0
3.7471,194.854,-0.254,10.0
3.7571,195.029,-0.251,10.0
3.7671,195.029,-0.249,10.0
3.7771,195.117,-0.247,10.0
3.7871,195.205,-0.245,10.0
3.7971,195.293,-0.243,10.0
3.8071,195.293,-0.24,10.0
3.8171,195.381,-0.238,10.0
3.8271,195.381,-0.236,10.0
3.8371,195.381,-0.233,10.0
3.8471,195.381,-0.231,10.0
3.8571,195.381,-0.229,10.0
3.8671,195.293,-0.226,10.0
3.8771,195.293,-0.224,10.0
3.8871,195.205,-0.222,10.0
3.8971,195.205,-0.219,10.0
3.9071,195.117,-0.217,10.0
3.9171,195.029,-0.215,10.0
3.9271,194.941,-0.212,10.0
3.9371,194.854,-0.21,10.0
3.9471,194.854,-0.208,10.0
3.9571,194.678,-0.206,10.0
3.9671,194.59,-0.203,10.0
3.9771,194.502,-0.201,10.0
3.9871,194.414,-0.199,10.0
3.9971,194.238,-0.196,10.0
4.0071,194.15,-0.194,10.0
4.0171,194.062,-0.192,10.0
4.0272,193.887,-0.189,10.0
4.0371,193.799,-0.187,10.0
4.0471,193.623,-0.184,10.0
4.0571,193.535,-0.182,10.0
4.0671,193.447,-0.18,10.0
4.0771,193.359,-0.177,10.0
4.0871,193.184,-0.175,10.0
4.0971,193.096,-0.173,10.0
4.1071,193.008,-0.17,10.0
4.1171,192.92,-0.168,10.0
4.1271,192.832,-0.166,10.0
4.1371,192.656,-0.164,10.0
4.1471,192.656,-0.161,10.0
4.1571,192.48,-0.159,10.0
4.1671,192.393,-0.157,10.0
4.1771,192.305,-0.154,10.0
4.1871,192.217,-0.152,10.0
4.1971,192.129,-0.15,10.0
4.2071,192.041,-0.148,10.0
4.2171,191.953,-0.146,10.0
4.2271,191.953,-0.144,10.0
4.2371,191.865,-0.142,10.0
4.2471,191.777,-0.14,10.0
4.2571,191.777,-0.137,10.0
4.2671,191.689,-0.135,10.0
4.2771,191.602,-0.133,10.0
4.2871,191.514,-0.131,10.0
4.2971,191.514,-0.129,10.0
4.3071,191.426,-0.127,10.0
4.3171,191.426,-0.125,10.0
4.3271,191.338,-0.123,10.0
4.3371,191.338,-0.121,10.0
4.3471,191.25,-0.119,10.0
4.3571,191.25,-0.116,10.0
4.3671,191.25,-0.114,10.0
4.3771,191.162,-0.112,10.0
4.3871,191.162,-0.109,10.0
4.3971,191.162,-0.107,10.0
4.4071,191.074,-0.105,10.0
4.4171,191.074,-0.102,10.0
4.4271,191.074,-0.1,10.0
4.4371,190.986,-0.097,10.0
4.4471,190.986,-0.095,10.0
4.4571,190.898,-0.093,10.0
4.4671,190.898,-0.09,10.0
4.4771,190.898,-0.088,10.0
4.4871,190.898,-0.086,10.0
4.4971,190.898,-0.083,10.0
4.5071,190.811,-0.089,10.0
4.5171,190.811,-0.078,10.0
4.5271,190.811,-0.076,10.0
4.5371,190.898,-0.074,10.0
4.5471,190.898,-0.071,10.0
4.5571,190.986,-0.069,10.0
4.5671,190.986,-0.066,10.0
4.5771,191.074,-0.064,10.0
4.5871,191.162,-0.062,10.0
4.5971,191.162,-0.059,10.0
4.6071,191.25,-0.057,10.0
4.6171,191.338,-0.054,10.0
4.6271,191.338,-0.052,10.0
4.6371,191.514,-0.05,10.0
4.6471,191.602,-0.047,10.0
4.6571,191.689,-0.045,10.0
4.6671,191.865,-0.042,10.0
4.6771,191.953,-0.04,10.0
4.6871,192.041,-0.038,10.0
4.6971,192.217,-0.035,10.0
4.7071,192.305,-0.033,10.0
4.7171,192.48,-0.03,10.0
4.7271,192.656,-0.028,10.0
4.7371,192.744,-0.026,10.0
4.7471,192.92,-0.024,10.0
4.7571,193.008,-0.022,10.0
4.7671,193.184,-0.02,10.0
4.7771,193.271,-0.018,10.0
4.7871,193.447,-0.016,10.0
4.7971,193.623,-0.014,10.0
4.8071,193.711,-0.011,10.0
4.8171,193.799,-0.009,10.0
4.8271,193.887,-0.007,10.0
4.8371,194.062,-0.005,10.0
4.8471,194.062,-0.003,10.0
4.8571,194.15,-0.0,10.0
4.8671,194.326,0.002,10.0
4.8771,194.326,0.004,10.0
4.8871,194.414,0.007,0.0
4.8971,194.414,0.009,0.0
4.9071,194.502,0.011,0.0
4.9171,194.59,0.013,0.0
4.9271,194.854,0.014,0.0
4.9371,194.941,0.016,0.0
4.9471,195.293,0.017,0.0
4.9571,195.557,0.018,0.0
4.9671,195.732,0.018,0.0
4.9771,196.172,0.019,0.0
4.9871,196.436,0.019,0.0
4.9971,196.787,0.019,0.0
5.0071,197.139,0.019,0.0
5.0171,197.49,0.019,0.0
5.0271,197.93,0.019,0.0
5.0371,198.105,0.019,0.0
5.0471,198.457,0.019,0.0
5.0571,198.721,0.019,0.0
5.0671,198.984,0.019,0.0
5.0771,199.248,0.019,0.0
5.0871,199.424,0.019,0.0
5.0971,199.6,0.019,0.0
5.1071,199.775,0.019,0.0
5.1171,199.951,0.019,0.0
5.1271,200.039,0.019,0.0
5.1371,200.127,0.019,0.0
5.1472,200.215,0.019,0.0
5.1572,200.303,0.019,0.0
5.1672,200.303,0.019,0.0
5.1772,200.303,0.019,0.0
5.1872,200.303,0.019,0.0
5.1971,200.303,0.019,0.0
5.2071,200.215,0.019,0.0
5.2171,200.127,0.019,0.0
5.2271,199.951,0.019,0.0
5.2371,199.863,0.019,0.0
5.2471,199.688,0.019,0.0
5.2571,199.512,0.019,0.0
5.2671,199.336,0.019,0.0
5.2771,199.16,0.019,0.0
5.2871,198.896,0.019,0.0
5.2971,198.633,0.019,0.0
5.3071,198.369,0.019,0.0
5.3171,198.105,0.019,0.0
5.3271,197.754,0.019,0.0
5.3371,197.49,0.019,0.0
5.3471,197.139,0.019,0.0
5.3571,196.787,0.019,0.0
5.3671,196.436,0.019,0.0
5.3771,196.084,0.019,0.0
5.3871,195.645,0.019,0.0
5.3973,195.293,0.019,0.0
5.4071,194.941,0.019,0.0
5.4171,194.502,0.019,0.0
5.4271,194.062,0.019,0.0
5.4371,193.711,0.019,0.0
5.4471,193.271,0.019,0.0
5.4571,192.92,0.019,0.0
5.4671,192.48,0.019,0.0
5.4771,192.041,0.019,0.0
5.4871,191.689,0.019,0.0
5.4971,191.25,0.019,0.0
5.5071,190.898,0.019,0.0
5.5171,190.459,0.019,0.0
5.5271,190.107,0.019,0.0
5.5371,189.756,0.019,0.0
5.5471,189.404,0.019,0.0
5.5571,188.965,0.019,0.0
5.5671,188.701,0.019,0.0
5.5771,188.35,0.019,0.0
5.5871,187.998,0.019,0.0
5.5971,187.734,0.019,0.0
5.6071,187.471,0.019,0.0
5.6171,187.207,0.019,0.0
5.6271,186.943,0.019,0.0
5.6371,186.768,0.019,0.0
5.6471,186.504,0.019,0.0
5.6571,186.328,0.019,0.0
5.6671,186.24,0.019,0.0
5.6771,186.064,0.019,0.0
5.6871,185.977,0.019,0.0
5.6971,185.801,0.019,0.0
5.7071,185.713,0.019,0.0
5.7171,185.713,0.019,0.0
5.7271,185.713,0.019,0.0
5.7371,185.713,0.019,0.0
5.7471,185.713,0.019,0.0
5.7571,185.713,0.019,0.0
5.7671,185.801,0.019,0.0
5.7771,185.801,0.019,0.0
5.7871,185.977,0.019,0.0
5.7971,186.064,0.019,0.0
5.8071,186.24,0.019,0.0
5.8171,186.328,0.019,0.0
5.8271,186.504,0.019,0.0
5.8371,186.768,0.019,0.0
5.8471,186.943,0.019,0.0
5.8571,187.207,0.019,0.0
5.8671,187.383,0.019,0.0
5.8771,187.646,0.019,0.0
5.8871,187.91,0.019,0.0
5.8972,188.262,0.019,0.0
5.9071,188.525,0.019,0.0
5.9171,188.877,0.019,0.0
5.9271,189.141,0.019,0.0
5.9371,189.492,0.019,0.0
5.9471,189.844,0.019,0.0
5.9571,190.195,0.019,0.0
5.9671,190.547,0.019,0.0
5.9771,190.898,0.019,0.0
5.9871,191.338,0.019,0.0
5.9971,191.689,0.019,0.0
6.0072,192.041,0.019,0.0
6.0172,192.48,0.019,0.0
6.0272,192.832,0.019,0.0
6.0372,193.184,0.019,0.0
6.0472,193.623,0.019,0.0
6.0572,193.975,0.019,0.0
6.0672,194.326,0.019,0.0
6.0772,194.766,0.019,0.0
6.0872,195.117,0.019,0.0
6.0972,195.469,0.019,0.0
6.1072,195.82,0.019,0.0
6.1173,196.172,0.019,0.0
6.1273,196.436,0.019,0.0
6.1372,196.787,0.019,0.0
6.1472,197.051,0.019,0.0
6.1572,197.314,0.019,0.0
6.1672,197.578,0.019,0.0
6.1772,197.842,0.019,0.0
6.1872,198.105,0.019,0.0
6.1972,198.281,0.019,0.0
6.2072,198.545,0.019,0.0
6.2172,198.721,0.019,0.0
6.2272,198.896,0.019,0.0
6.2372,198.984,0.019,0.0
6.2472,199.16,0.019,0.0
6.2572,199.248,0.019,0.0
6.2672,199.336,0.019,0.0
6.2772,199.424,0.019,0.0
6.2872,199.424,0.019,0.0
6.2972,199.424,0.019,0.0
6.3072,199.424,0.019,0.0
6.3172,199.424,0.019,0.0
6.3272,199.424,0.019,0.0
6.3372,199.336,0.019,0.0
6.3472,199.248,0.019,0.0
6.3572,199.16,0.019,0.0
6.3672,199.072,0.019,0.0
6.3772,198.896,0.019,0.0
6.3872,198.721,0.019,0.0
6.3972,198.545,0.019,0.0
6.4072,198.369,0.019,0.0
6.4172,198.105,0.019,0.0
6.4272,197.93,0.019,0.0
6.4372,197.666,0.019,0.0
6.4472,197.402,0.019,0.0
6.4572,197.139,0.019,0.0
6.4672,196.875,0.019,0.0
6.4772,196.523,0.019,0.0
6.4872,196.26,0.019,0.0
6.4972,195.908,0.019,0.0
6.5072,195.645,0.019,0.0
6.5172,195.293,0.019,0.0
6.5272,194.941,0.019,0.0
6.5372,194.59,0.019,0.0
6.5472,194.238,0.019,0.0
6.5572,193.799,0.019,0.0
6.5672,193.447,0.019,0.0
6.5772,193.096,0.019,0.0
6.5872,192.744,0.019,0.0
6.5972,192.393,0.019,0.0
6.6072,192.041,0.019,0.0
6.6172,191.689,0.019,0.0
6.6272,191.338,0.019,0.0
6.6372,190.986,0.019,0.0
6.6472,190.635,0.019,0.0
6.6572,190.283,0.019,0.0
6.6672,189.932,0.019,0.0
6.6772,189.668,0.019,0.0
6.6872,189.404,0.019,0.0
6.6972,189.053,0.019,0.0
6.7072,188.789,0.019,0.0
6.7172,188.525,0.019,0.0
6.7272,188.262,0.019,0.0
6.7372,187.998,0.019,0.0
6.7472,187.734,0.019,0.0
6.7572,187.559,0.019,0.0
6.7672,187.383,0.019,0.0
6.7772,187.207,0.019,0.0
6.7872,187.031,0.019,0.0
6.7972,186.855,0.019,0.0
6.8072,186.768,0.019,0.0
6.8172,186.68,0.019,0.0
6.8272,186.592,0.019,0.0
6.8372,186.592,0.019,0.0
6.8472,186.504,0.019,0.0
6.8572,186.504,0.019,0.0
6.8672,186.504,0.019,0.0
6.8772,186.504,0.019,0.0
6.8872,186.504,0.019,0.0
6.8972,186.592,0.019,0.0
6.9072,186.68,0.019,0.0
6.9172,186.768,0.019,0.0
6.9272,186.855,0.019,0.0
6.9372,187.031,0.019,0.0
6.9472,187.119,0.019,0.0
6.9573,187.383,0.019,0.0
6.9672,187.471,0.019,0.0
6.9772,187.734,0.019,0.0
6.9872,187.91,0.019,0.0
6.9972,188.174,0.019,0.0
7.0072,188.35,0.019,0.0
7.0172,188.613,0.019,0.0
7.0272,188.877,0.019,0.0
7.0372,189.141,0.019,0.0
7.0472,189.404,0.019,0.0
7.0572,189.756,0.019,0.0
7.0672,190.02,0.019,0.0
7.0772,190.371,0.019,0.0
7.0872,190.635,0.019,0.0
7.0972,190.986,0.019,0.0
7.1072,191.25,0.019,0.0
7.1172,191.602,0.019,0.0
7.1272,191.953,0.019,0.0
7.1372,192.305,0.019,0.0
7.1472,192.656,0.019,0.0
7.1572,192.92,0.019,0.0
7.1672,193.271,0.019,0.0
7.1772,193.623,0.019,0.0
7.1872,193.975,0.019,0.0
7.1972,194.326,0.019,0.0
7.2072,194.59,0.019,0.0
7.2172,194.941,0.019,0.0
7.2272,195.205,0.019,0.0
7.2372,195.557,0.019,0.0
7.2472,195.82,0.019,0.0
7.2572,196.084,0.019,0.0
7.2672,196.348,0.019,0.0
7.2772,196.611,0.019,0.0
7.2872,196.875,0.019,0.0
7.2972,197.051,0.019,0.0
7.3072,197.314,0.019,0.0
7.3172,197.49,0.019,0.0
7.3272,197.666,0.019,0.0
7.3372,197.842,0.019,0.0
7.3472,198.018,0.019,0.0
7.3572,198.105,0.019,0.0
7.3672,198.281,0.019,0.0
7.3772,198.369,0.019,0.0
7.3872,198.457,0.019,0.0
7.3972,198.545,0.019,0.0
7.4072,198.545,0.019,0.0
7.4172,198.545,0.019,0.0
7.4272,198.633,0.019,0.0
7.4372,198.545,0.019,0.0
7.4472,198.545,0.019,0.0
7.4572,198.545,0.019,0.0
7.4672,198.457,0.019,0.0
7.4772,198.369,0.019,0.0
7.4872,198.281,0.019,0.0
7.4972,198.193,0.019,0.0
7.5072,198.018,0.019,0.0
7.5172,197.93,0.019,0.0
7.5272,197.754,0.019,0.0
7.5372,197.578,0.019,0.0
7.5472,197.402,0.019,0.0
7.5572,197.227,0.019,0.0
7.5672,196.963,0.019,0.0
7.5772,196.787,0.019,0.0
7.5872,196.523,0.019,0.0
7.5972,196.26,0.019,0.0
7.6072,195.996,0.019,0.0
7.6172,195.732,0.019,0.0
7.6272,195.469,0.019,0.0
7.6372,195.117,0.019,0.0
7.6472,194.854,0.019,0.0
7.6572,194.59,0.019,0.0
7.6672,194.238,0.019,0.0
7.6772,193.975,0.019,0.0
7.6872,193.623,0.019,0.0
7.6972,193.271,0.019,0.0
7.7072,193.008,0.019,0.0
7.7172,192.656,0.019,0.0
7.7272,192.393,0.019,0.0
7.7372,192.041,0.019,0.0
7.7472,191.777,0.019,0.0
7.7572,191.426,0.019,0.0
7.7672,191.162,0.019,0.0
7.7772,190.898,0.019,0.0
7.7872,190.547,0.019,0.0
7.7972,190.283,0.019,0.0
7.8072,190.02,0.019,0.0
7.8172,189.756,0.019,0.0
7.8272,189.492,0.019,0.0
7.8372,189.316,0.019,0.0
7.8472,189.053,0.019,0.0
7.8572,188.877,0.019,0.0
7.8672,188.613,0.019,0.0
7.8772,188.438,0.019,0.0
7.8872,188.262,0.019,0.0
7.8972,188.086,0.019,0.0
7.9072,187.998,0.019,0.0
7.9172,187.822,0.019,0.0
7.9272,187.646,0.019,0.0
7.9372,187.559,0.019,0.0
7.9472,187.559,0.019,0.0
7.9572,187.471,0.019,0.0
7.9672,187.383,0.019,0.0
7.9772,187.383,0.019,0.0
7.9872,187.383,0.019,0.0
7.9972,187.383,0.019,0.0
8.0072,187.383,0.019,0.0
8.0172,187.383,0.019,0.0
8.0272,187.471,0.019,0.0
8.0372,187.559,0.019,0.0
8.0472,187.646,0.019,0.0
8.0572,187.734,0.019,0.0
8.0672,187.822,0.019,0.0
8.0772,187.998,0.019,0.0
8.0872,188.174,0.019,0.0
8.0972,188.262,0.019,0.0
8.1072,188.438,0.019,0.0
8.1172,188.613,0.019,0.0
8.1272,188.789,0.019,0.0
8.1372,189.053,0.019,0.0
8.1473,189.229,0.019,0.0
8.1573,189.492,0.019,0.0
8.1672,189.668,0.019,0.0
8.1772,189.932,0.019,0.0
8.1872,190.195,0.019,0.0
8.1972,190.459,0.019,0.0
8.2072,190.723,0.019,0.0
8.2172,190.986,0.019,0.0
8.2272,191.25,0.019,0.0
8.2372,191.514,0.019,0.0
8.2472,191.865,0.019,0.0
8.2572,192.129,0.019,0.0
8.2672,192.393,0.019,0.0
8.2772,192.656,0.019,0.0
8.2872,192.92,0.019,0.0
8.2972,193.184,0.019,0.0
8.3072,193.535,0.019,0.0
8.3172,193.799,0.019,0.0
8.3272,194.062,0.019,0.0
8.3372,194.326,0.019,0.0
8.3472,194.59,0.019,0.0
8.3572,194.854,0.019,0.0
8.3672,195.117,0.019,0.0
8.3772,195.381,0.019,0.0
8.3872,195.645,0.019,0.0
8.3972,195.82,0.019,0.0
8.4072,196.084,0.019,0.0
8.4172,196.26,0.019,0.0
8.4272,196.436,0.019,0.0
8.4372,196.611,0.019,0.0
8.4472,196.787,0.019,0.0
8.4572,196.963,0.019,0.0
8.4672,197.051,0.019,0.0
8.4772,197.227,0.019,0.0
8.4872,197.314,0.019,0.0
8.4972,197.402,0.019,0.0
8.5072,197.49,0.019,0.0
8.5172,197.578,0.019,0.0
8.5272,197.578,0.019,0.0
8.5372,197.666,0.019,0.0
8.5472,197.666,0.019,0.0
8.5572,197.666,0.019,0.0
8.5672,197.666,0.019,0.0
8.5772,197.666,0.019,0.0
8.5872,197.578,0.019,0.0
8.5972,197.578,0.019,0.0
8.6072,197.49,0.019,0.0
8.6172,197.402,0.019,0.0
8.6272,197.314,0.019,0.0
8.6372,197.227,0.019,0.0
8.6472,197.139,0.019,0.0
8.6572,196.963,0.019,0.0
8.6672,196.787,0.019,0.0
8.6772,196.611,0.019,0.0
8.6872,196.523,0.019,0.0
8.6972,196.26,0.019,0.0
8.7072,196.172,0.019,0.0
8.7172,195.908,0.019,0.0
8.7272,195.645,0.019,0.0
8.7372,195.469,0.019,0.0
8.7472,195.293,0.019,0.0
8.7572,195.029,0.019,0.0
8.7672,194.766,0.019,0.0
8.7772,194.502,0.019,0.0
8.7872,194.238,0.019,0.0
8.7972,193.975,0.019,0.0
8.8072,193.799,0.019,0.0
8.8172,193.535,0.019,0.0
8.8272,193.184,0.019,0.0
8.8372,193.008,0.019,0.0
8.8472,192.656,0.019,0.0
8.8572,192.48,0.019,0.0
8.8672,192.217,0.019,0.0
8.8772,191.953,0.019,0.0
8.8872,191.689,0.019,0.0
8.8972,191.426,0.019,0.0
8.9072,191.162,0.019,0.0
8.9172,190.898,0.019,0.0
8.9272,190.723,0.019,0.0
8.9372,190.459,0.019,0.0
8.9472,190.283,0.019,0.0
8.9572,190.02,0.019,0.0
8.9672,189.844,0.019,0.0
8.9772,189.668,0.019,0.0
8.9872,189.492,0.019,0.0
8.9972,189.316,0.019,0.0
9.0072,189.141,0.019,0.0
9.0172,188.965,0.019,0.0
9.0272,188.877,0.019,0.0
9.0372,188.701,0.019,0.0
9.0472,188.613,0.019,0.0
9.0572,188.525,0.019,0.0
9.0672,188.438,0.019,0.0
9.0772,188.35,0.019,0.0
9.0872,188.35,0.019,0.0
9.0972,188.262,0.019,0.0
9.1072,188.262,0.019,0.0
9.1172,188.262,0.019,0.0
9.1272,188.262,0.019,0.0
9.1372,188.262,0.019,0.0
9.1472,188.35,0.019,0.0
9.1572,188.35,0.019,0.0
9.1672,188.438,0.019,0.0
9.1773,188.525,0.019,0.0
9.1872,188.613,0.019,0.0
9.1972,188.701,0.019,0.0
9.2072,188.789,0.019,0.0
9.2172,188.877,0.019,0.0
9.2272,189.053,0.019,0.0
9.2372,189.229,0.019,0.0
9.2472,189.316,0.019,0.0
9.2572,189.492,0.019,0.0
9.2672,189.668,0.019,0.0
9.2772,189.844,0.019,0.0
9.2872,190.02,0.019,0.0
9.2972,190.195,0.019,0.0
9.3072,190.459,0.019,0.0
9.3172,190.635,0.019,0.0
9.3272,190.811,0.019,0.0
9.3372,191.074,0.019,0.0
9.3472,191.25,0.019,0.0
9.3572,191.514,0.019,0.0
9.3672,191.777,0.019,0.0
9.3772,191.953,0.019,0.0
9.3872,192.217,0.019,0.0
9.3972,192.48,0.019,0.0
9.4072,192.656,0.019,0.0
9.4172,192.92,0.019,0.0
9.4272,193.096,0.019,0.0
9.4372,193.359,0.019,0.0
9.4472,193.623,0.019,0.0
9.4572,193.799,0.019,0.0
9.4672,194.062,0.019,0.0
9.4772,194.326,0.019,0.0
9.4872,194.502,0.019,0.0
9.4972,194.678,0.019,0.0
9.5072,194.941,0.019,0.0
9.5172,195.117,0.019,0.0
9.5272,195.293,0.019,0.0
9.5372,195.469,0.019,0.0
9.5472,195.645,0.019,0.0
9.5572,195.732,0.019,0.0
9.5672,195.908,0.019,0.0
9.5772,196.084,0.019,0.0
9.5872,196.172,0.019,0.0
9.5972,196.26,0.019,0.0
9.6072,196.348,0.019,0.0
9.6172,196.523,0.019,0.0
9.6272,196.523,0.019,0.0
9.6372,196.611,0.019,0.0
9.6472,196.699,0.019,0.0
9.6572,196.699,0.019,0.0
9.6672,196.787,0.019,0.0
9.6772,196.787,0.019,0.0
9.6872,196.787,0.019,0.0
9.6972,196.787,0.019,0.0
9.7072,196.787,0.019,0.0
9.7172,196.699,0.019,0.0
9.7272,196.699,0.019,0.0
9.7372,196.611,0.019,0.0
9.7472,196.523,0.019,0.0
9.7572,196.436,0.019,0.0
9.7672,196.348,0.019,0.0
9.7772,196.26,0.019,0.0
9.7872,196.172,0.019,0.0
9.7972,196.084,0.019,0.0
9.8072,195.908,0.019,0.0
9.8172,195.732,0.019,0.0
9.8272,195.645,0.019,0.0
9.8372,195.469,0.019,0.0
9.8472,195.293,0.019,0.0
9.8572,195.117,0.019,0.0
9.8672,194.941,0.019,0.0
9.8772,194.766,0.019,0.0
9.8872,194.59,0.019,0.0
9.8972,194.414,0.019,0.0
9.9072,194.15,0.019,0.0
9.9172,193.975,0.019,0.0
9.9272,193.799,0.019,0.0
9.9372,193.535,0.019,0.0
9.9472,193.359,0.019,0.0
9.9572,193.096,0.019,0.0
9.9672,192.92,0.019,0.0
9.9772,192.656,0.019,0.0
9.9872,192.48,0.019,0.0
9.9972,192.305,0.019,0.0
10.0072,192.129,0.019,0.0
10.0172,191.865,0.019,0.0
10.0273,191.689,0.019,0.0
10.0372,191.514,0.019,0.0
10.0472,191.25,0.019,0.0
10.0573,191.074,0.019,0.0
10.0673,190.898,0.019,0.0
10.0772,190.723,0.019,0.0
10.0872,190.635,0.019,0.0
10.0972,190.459,0.019,0.0
10.1073,190.283,0.019,0.0
10.1172,190.195,0.019,0.0
10.1272,190.02,0.019,0.0
10.1372,189.932,0.019,0.0
10.1472,189.844,0.019,0.0
10.1572,189.668,0.019,0.0
10.1672,189.58,0.019,0.0
10.1772,189.492,0.019,0.0
10.1873,189.492,0.019,0.0
10.1973,189.404,0.019,0.0
10.2073,189.404,0.019,0.0
10.2173,189.316,0.019,0.0
10.2273,189.316,0.019,0.0
10.2373,189.316,0.019,0.0
10.2473,189.316,0.019,0.0
10.2573,189.316,0.019,0.0
10.2673,189.316,0.019,0.0
10.2773,189.404,0.019,0.0
10.2873,189.404,0.019,0.0
10.2972,189.492,0.019,0.0
10.3072,189.492,0.019,0.0
10.3172,189.58,0.019,0.0
10.3272,189.668,0.019,0.0
10.3372,189.844,0.019,0.0
10.3472,189.932,0.019,0.0
10.3572,190.02,0.019,0.0
10.3672,190.107,0.019,0.0
10.3772,190.195,0.019,0.0
10.3872,190.371,0.019,0.0
10.3972,190.547,0.019,0.0
10.4072,190.635,0.019,0.0
10.4172,190.811,0.019,0.0
10.4275,190.986,0.019,0.0
10.4372,191.074,0.019,0.0
10.4472,191.25,0.019,0.0
10.4572,191.426,0.019,0.0
10.4672,191.602,0.019,0.0
10.4772,191.777,0.019,0.0
10.4872,191.953,0.019,0.0
10.4972,192.129,0.019,0.0
10.5072,192.305,0.019,0.0
10.5172,192.48,0.019,0.0
10.5272,192.656,0.019,0.0
10.5372,192.832,0.019,0.0
10.5472,193.008,0.019,0.0
10.5572,193.184,0.019,0.0
10.5672,193.359,0.019,0.0
10.5772,193.535,0.019,0.0
10.5872,193.711,0.019,0.0
10.5972,193.887,0.019,0.0
10.6072,194.062,0.019,0.0
10.6172,194.238,0.019,0.0
10.6272,194.414,0.019,0.0
10.6372,194.502,0.019,0.0
10.6472,194.678,0.019,0.0
10.6572,194.766,0.019,0.0
10.6672,194.941,0.019,0.0
10.6772,195.029,0.019,0.0
10.6872,195.117,0.019,0.0
10.6972,195.205,0.019,0.0
10.7072,195.381,0.019,0.0
10.7172,195.469,0.019,0.0
10.7272,195.469,0.019,0.0
10.7372,195.557,0.019,0.0
10.7472,195.645,0.019,0.0
10.7572,195.645,0.019,0.0
10.7672,195.732,0.019,0.0
10.7772,195.732,0.019,0.0
10.7872,195.732,0.019,0.0
10.7972,195.732,0.019,0.0
10.8072,195.732,0.019,0.0
10.8172,195.732,0.019,0.0
10.8272,195.732,0.019,0.0
10.8372,195.645,0.019,0.0
10.8472,195.645,0.019,0.0
10.8572,195.645,0.019,0.0
10.8672,195.557,0.019,0.0
10.8772,195.469,0.019,0.0
10.8872,195.469,0.019,0.0
10.8972,195.381,0.019,0.0
10.9072,195.293,0.019,0.0
10.9172,195.205,0.019,0.0
10.9272,195.029,0.019,0.0
10.9372,194.941,0.019,0.0
10.9473,194.854,0.019,0.0
10.9572,194.766,0.019,0.0
10.9672,194.59,0.019,0.0
10.9772,194.414,0.019,0.0
10.9872,194.326,0.019,0.0
10.9972,194.238,0.019,0.0
11.0073,194.062,0.019,0.0
11.0173,193.887,0.019,0.0
11.0273,193.711,0.019,0.0
11.0373,193.535,0.019,0.0
11.0473,193.447,0.019,0.0
11.0573,193.271,0.019,0.0
11.0673,193.096,0.019,0.0
11.0773,193.008,0.019,0.0
11.0873,192.832,0.019,0.0
11.0973,192.656,0.019,0.0
11.1073,192.48,0.019,0.0
11.1173,192.393,0.019,0.0
11.1273,192.217,0.019,0.0
11.1373,192.041,0.019,0.0
11.1473,191.953,0.019,0.0
11.1573,191.777,0.019,0.0
11.1673,191.689,0.019,0.0
11.1773,191.514,0.019,0.0
11.1873,191.338,0.019,0.0
11.1973,191.25,0.019,0.0
11.2073,191.162,0.019,0.0
11.2173,190.986,0.019,0.0
11.2273,190.898,0.019,0.0
11.2373,190.811,0.019,0.0
11.2473,190.723,0.019,0.0
11.2573,190.635,0.019,0.0
11.2673,190.547,0.019,0.0
11.2773,190.547,0.019,0.0
11.2873,190.459,0.019,0.0
11.2973,190.371,0.019,0.0
11.3073,190.371,0.019,0.0
11.3173,190.283,0.019,0.0
11.3274,190.283,0.019,0.0
11.3373,190.195,0.019,0.0
11.3473,190.195,0.019,0.0
11.3573,190.195,0.019,0.0
11.3673,190.195,0.019,0.0
11.3773,190.283,0.019,0.0
11.3873,190.283,0.019,0.0
11.3973,190.283,0.019,0.0
11.4073,190.371,0.019,0.0
11.4173,190.371,0.019,0.0
11.4273,190.371,0.019,0.0
11.4373,190.459,0.019,0.0
11.4473,190.547,0.019,0.0
11.4573,190.635,0.019,0.0
11.4673,190.635,0.019,0.0
11.4773,190.723,0.019,0.0
11.4873,190.811,0.019,0.0
11.4973,190.898,0.019,0.0
11.5073,190.986,0.019,0.0
11.5173,191.074,0.019,0.0
11.5273,191.162,0.019,0.0
11.5373,191.25,0.019,0.0
11.5473,191.338,0.019,0.0
11.5573,191.514,0.019,0.0
11.5673,191.602,0.019,0.0
11.5773,191.777,0.019,0.0
11.5873,191.865,0.019,0.0
11.5973,191.953,0.019,0.0
11.6073,192.129,0.019,0.0
11.6173,192.217,0.019,0.0
11.6273,192.305,0.019,0.0
11.6373,192.48,0.019,0.0
11.6473,192.568,0.019,0.0
11.6573,192.744,0.019,0.0
11.6673,192.832,0.019,0.0
11.6773,193.008,0.019,0.0
11.6873,193.096,0.019,0.0
11.6973,193.184,0.019,0.0
11.7073,193.359,0.019,0.0
11.7173,193.447,0.019,0.0
11.7273,193.623,0.019,0.0
11.7373,193.711,0.019,0.0
11.7473,193.799,0.019,0.0
11.7573,193.887,0.019,0.0
11.7673,194.062,0.019,0.0
11.7773,194.15,0.019,0.0
11.7873,194.238,0.019,0.0
11.7973,194.326,0.019,0.0
11.8073,194.414,0.019,0.0
11.8173,194.414,0.019,0.0
11.8273,194.502,0.019,0.0
11.8373,194.59,0.019,0.0
11.8473,194.678,0.019,0.0
11.8573,194.678,0.019,0.0
11.8673,194.766,0.019,0.0
11.8773,194.766,0.019,0.0
11.8873,194.854,0.019,0.0
11.8973,194.854,0.019,0.0
11.9073,194.854,0.019,0.0
11.9173,194.854,0.019,0.0
11.9273,194.854,0.019,0.0
11.9373,194.854,0.019,0.0
11.9473,194.854,0.019,0.0
11.9573,194.854,0.019,0.0
11.9673,194.766,0.019,0.0
11.9773,194.766,0.019,0.0
11.9873,194.678,0.019,0.0
11.9973,194.678,0.019,0.0
12.0073,194.59,0.019,0.0
12.0173,194.59,0.019,0.0
12.0273,194.502,0.019,0.0
12.0373,194.414,0.019,0.0
12.0473,194.414,0.019,0.0
12.0573,194.326,0.019,0.0
12.0673,194.238,0.019,0.0
12.0773,194.15,0.019,0.0
12.0873,194.062,0.019,0.0
12.0973,193.975,0.019,0.0
12.1073,193.799,0.019,0.0
12.1173,193.711,0.019,0.0
12.1273,193.623,0.019,0.0
12.1373,193.535,0.019,0.0
12.1473,193.447,0.019,0.0
12.1573,193.359,0.019,0.0
12.1673,193.184,0.019,0.0
12.1773,193.096,0.019,0.0
12.1873,193.008,0.019,0.0
12.1973,192.92,0.019,0.0
12.2073,192.832,0.019,0.0
12.2173,192.656,0.019,0.0
12.2273,192.568,0.019,0.0
12.2373,192.48,0.019,0.0
12.2473,192.393,0.019,0.0
12.2573,192.305,0.019,0.0
12.2673,192.217,0.019,0.0
12.2773,192.129,0.019,0.0
12.2873,192.041,0.019,0.0
12.2973,191.953,0.019,0.0
12.3073,191.865,0.019,0.0
12.3173,191.777,0.019,0.0
12.3273,191.689,0.019,0.0
12.3373,191.602,0.019,0.0
12.3473,191.514,0.019,0.0
12.3573,191.514,0.019,0.0
12.3673,191.426,0.019,0.0
12.3773,191.426,0.019,0.0
12.3873,191.338,0.019,0.0
12.3973,191.25,0.019,0.0
12.4073,191.25,0.019,0.0
12.4173,191.25,0.019,0.0
12.4273,191.25,0.019,0.0
12.4373,191.162,0.019,0.0
12.4473,191.162,0.019,0.0
12.4573,191.162,0.019,0.0
12.4673,191.162,0.019,0.0
12.4773,191.162,0.019,0.0
12.4873,191.162,0.019,0.0
12.4973,191.162,0.019,0.0
12.5073,191.162,0.019,0.0
12.5173,191.25,0.019,0.0
12.5273,191.25,0.019,0.0
12.5373,191.25,0.019,0.0
12.5473,191.25,0.019,0.0
12.5573,191.338,0.019,0.0
12.5673,191.338,0.019,0.0
12.5773,191.426,0.019,0.0
12.5873,191.426,0.019,0.0
12.5973,191.514,0.019,0.0
12.6073,191.602,0.019,0.0
12.6173,191.602,0.019,0.0
12.6273,191.689,0.019,0.0
12.6373,191.777,0.019,0.0
12.6473,191.865,0.019,0.0
12.6573,191.865,0.019,0.0
12.6673,191.953,0.019,0.0
12.6773,192.041,0.019,0.0
12.6873,192.129,0.019,0.0
12.6973,192.129,0.019,0.0
12.7073,192.217,0.019,0.0
12.7173,192.305,0.019,0.0
12.7273,192.393,0.019,0.0
12.7373,192.48,0.019,0.0
12.7473,192.568,0.019,0.0
12.7573,192.656,0.019,0.0
12.7673,192.744,0.019,0.0
12.7773,192.832,0.019,0.0
12.7873,192.92,0.019,0.0
12.7973,193.008,0.019,0.0
12.8073,193.008,0.019,0.0
12.8173,193.096,0.019,0.0
12.8273,193.184,0.019,0.0
12.8373,193.271,0.019,0.0
12.8473,193.359,0.019,0.0
12.8573,193.359,0.019,0.0
12.8673,193.447,0.019,0.0
12.8773,193.535,0.019,0.0
12.8873,193.623,0.019,0.0
12.8973,193.623,0.019,0.0
12.9073,193.711,0.019,0.0
12.9173,193.799,0.019,0.0
12.9273,193.799,0.019,0.0
12.9373,193.887,0.019,0.0
12.9473,193.887,0.019,0.0
12.9573,193.887,0.019,0.0
12.9673,193.975,0.019,0.0
12.9773,193.975,0.019,0.0
12.9873,193.975,0.019,0.0
12.9973,193.975,0.019,0.0
13.0073,193.975,0.019,0.0
13.0173,194.062,0.019,0.0
13.0273,194.062,0.019,0.0
13.0373,194.062,0.019,0.0
13.0473,193.975,0.019,0.0
13.0573,193.975,0.019,0.0
13.0673,193.975,0.019,0.0
13.0773,193.975,0.019,0.0
13.0873,193.887,0.019,0.0
13.0973,193.887,0.019,0.0
13.1073,193.887,0.019,0.0
13.1173,193.799,0.019,0.0
13.1273,193.799,0.019,0.0
13.1373,193.799,0.019,0.0
13.1473,193.711,0.019,0.0
13.1573,193.711,0.019,0.0
13.1673,193.623,0.019,0.0
13.1773,193.535,0.019,0.0
13.1873,193.535,0.019,0.0
13.1973,193.447,0.019,0.0
13.2073,193.447,0.019,0.0
13.2173,193.359,0.019,0.0
13.2273,193.271,0.019,0.0
13.2373,193.271,0.019,0.0
13.2473,193.184,0.019,0.0
13.2573,193.096,0.019,0.0
13.2673,193.096,0.019,0.0
13.2773,193.008,0.019,0.0
13.2873,192.92,0.019,0.0
13.2973,192.92,0.019,0.0
13.3073,192.832,0.019,0.0
13.3173,192.832,0.019,0.0
13.3273,192.744,0.019,0.0
13.3373,192.656,0.019,0.0
13.3473,192.656,0.019,0.0
13.3573,192.568,0.019,0.0
13.3673,192.48,0.019,0.0
13.3773,192.48,0.019,0.0
13.3873,192.48,0.019,0.0
13.3973,192.393,0.019,0.0
13.4073,192.393,0.019,0.0
13.4173,192.305,0.019,0.0
13.4273,192.305,0.019,0.0
13.4373,192.217,0.019,0.0
13.4473,192.217,0.019,0.0
13.4573,192.129,0.019,0.0
13.4673,192.129,0.019,0.0
13.4773,192.129,0.019,0.0
13.4873,192.129,0.019,0.0
13.4973,192.041,0.019,0.0
13.5073,192.041,0.019,0.0
13.5173,192.041,0.019,0.0
13.5273,192.041,0.019,0.0
13.5373,192.041,0.019,0.0
13.5473,192.041,0.019,0.0
13.5573,192.041,0.019,0.0
13.5673,192.041,0.019,0.0
13.5773,192.041,0.019,0.0
13.5873,192.041,0.019,0.0
13.5973,192.041,0.019,0.0
13.6073,192.041,0.019,0.0
13.6173,192.129,0.019,0.0
13.6273,192.129,0.019,0.0
13.6373,192.129,0.019,0.0
13.6473,192.129,0.019,0.0
13.6573,192.129,0.019,0.0
13.6673,192.217,0.019,0.0
13.6773,192.217,0.019,0.0
13.6873,192.217,0.019,0.0
13.6973,192.305,0.019,0.0
13.7073,192.305,0.019,0.0
13.7173,192.305,0.019,0.0
13.7273,192.393,0.019,0.0
13.7373,192.393,0.019,0.0
13.7473,192.393,0.019,0.0
13.7573,192.48,0.019,0.0
13.7673,192.48,0.019,0.0
13.7773,192.48,0.019,0.0
13.7873,192.568,0.019,0.0
13.7973,192.568,0.019,0.0
13.8073,192.568,0.019,0.0
13.8173,192.656,0.019,0.0
13.8273,192.656,0.019,0.0
13.8373,192.744,0.019,0.0
13.8473,192.744,0.019,0.0
13.8573,192.744,0.019,0.0
13.8673,192.832,0.019,0.0
13.8773,192.832,0.019,0.0
13.8873,192.92,0.019,0.0
13.8973,192.92,0.019,0.0
13.9073,192.92,0.019,0.0
13.9173,193.008,0.019,0.0
13.9273,193.008,0.019,0.0
13.9373,193.008,0.019,0.0
13.9473,193.096,0.019,0.0
13.9573,193.096,0.019,0.0
13.9673,193.096,0.019,0.0
13.9773,193.096,0.019,0.0
13.9873,193.096,0.019,0.0
13.9973,193.184,0.019,0.0
14.0073,193.184,0.019,0.0
14.0173,193.184,0.019,0.0
14.0273,193.184,0.019,0.0
14.0373,193.184,0.019,0.0
14.0473,193.271,0.019,0.0
14.0573,193.271,0.019,0.0
14.0673,193.271,0.019,0.0
14.0773,193.271,0.019,0.0
14.0873,193.271,0.019,0.0
14.0973,193.271,0.019,0.0
14.1074,193.271,0.019,0.0
14.1173,193.271,0.019,0.0
14.1273,193.271,0.019,0.0
14.1373,193.271,0.019,0.0
14.1473,193.271,0.019,0.0
14.1573,193.271,0.019,0.0
14.1673,193.271,0.019,0.0
14.1773,193.271,0.019,0.0
14.1873,193.184,0.019,0.0
14.1973,193.184,0.019,0.0
14.2073,193.184,0.019,0.0
14.2173,193.184,0.019,0.0
14.2273,193.184,0.019,0.0
14.2374,193.184,0.019,0.0
14.2473,193.184,0.019,0.0
14.2573,193.096,0.019,0.0
14.2674,193.096,0.019,0.0
14.2773,193.096,0.019,0.0
14.2874,193.096,0.019,0.0
14.2973,193.096,0.019,0.0
14.3074,193.096,0.019,0.0
14.3173,193.096,0.019,0.0
14.3273,193.096,0.019,0.0
14.3373,193.096,0.019,0.0
14.3473,193.008,0.019,0.0
14.3573,193.008,0.019,0.0
14.3673,193.008,0.019,0.0
14.3773,193.008,0.019,0.0
14.3873,193.008,0.019,0.0
14.3973,193.008,0.019,0.0
14.4073,193.008,0.019,0.0
14.4173,193.008,0.019,0.0
14.4273,192.92,0.019,0.0
14.4373,192.92,0.019,0.0
14.4473,192.92,0.019,0.0
14.4573,192.92,0.019,0.0
14.4673,192.92,0.019,0.0
14.4773,192.92,0.019,0.0
14.4873,192.92,0.019,0.0
14.4973,192.92,0.019,0.0
14.5073,192.92,0.019,0.0
14.5173,192.832,0.019,0.0
14.5273,192.832,0.019,0.0
14.5373,192.832,0.019,0.0
14.5473,192.832,0.019,0.0
14.5574,192.832,0.019,0.0
14.5673,192.832,0.019,0.0
14.5773,192.832,0.019,0.0
14.5873,192.832,0.019,0.0
14.5973,192.832,0.019,0.0
14.6073,192.832,0.019,0.0
14.6173,192.832,0.019,0.0
14.6273,192.832,0.019,0.0
14.6373,192.832,0.019,0.0
14.6473,192.832,0.019,0.0
14.6574,192.832,0.019,0.0
14.6673,192.832,0.019,0.0
14.6773,192.832,0.019,0.0
14.6873,192.832,0.019,0.0
14.6973,192.832,0.019,0.0
14.7073,192.832,0.019,0.0
14.7173,192.832,0.019,0.0
14.7273,192.832,0.019,0.0
14.7373,192.92,0.019,0.0
14.7473,192.832,0.019,0.0
14.7573,192.832,0.019,0.0
14.7673,192.92,0.019,0.0
14.7773,192.832,0.019,0.0
14.7873,192.92,0.019,0.0
14.7973,192.92,0.019,0.0
14.8073,192.832,0.019,0.0
14.8173,192.92,0.019,0.0
14.8273,192.92,0.019,0.0
14.8373,192.92,0.019,0.0
14.8473,192.92,0.019,0.0
14.8573,192.832,0.019,0.0
14.8673,192.832,0.019,0.0
14.8773,192.832,0.019,0.0
14.8873,192.92,0.019,0.0
14.8973,192.92,0.019,0.0
14.9073,192.832,0.019,0.0
14.9173,192.832,0.019,0.0
14.9273,192.832,0.019,0.0
14.9373,192.832,0.019,0.0
14.9473,192.92,0.019,0.0
14.9573,192.92,0.019,0.0
14.9673,192.832,0.019,0.0
14.9773,192.832,0.019,0.0
14.9873,192.832,0.019,0.0
14.9973,192.832,0.019,0.0
15.0073,192.832,0.019,0.0
15.0174,192.832,0.019,0.0
15.0274,192.832,0.019,0.0
15.0373,192.832,0.019,0.0
15.0474,192.832,0.019,0.0
15.0573,192.832,0.019,0.0
15.0674,192.832,0.019,0.0
15.0774,192.832,0.019,0.0
15.0874,192.92,0.019,0.0
15.0974,192.92,0.019,0.0
15.1074,192.832,0.019,0.0
15.1174,192.92,0.019,0.0
15.1274,192.92,0.019,0.0
15.1374,192.832,0.019,0.0
15.1474,192.832,0.019,0.0
15.1574,192.832,0.019,0.0
15.1674,192.92,0.019,0.0
15.1774,192.832,0.019,0.0
15.1874,192.832,0.019,0.0
15.1974,192.832,0.019,0.0
15.2074,192.832,0.019,0.0
15.2174,192.832,0.019,0.0
15.2274,192.832,0.019,0.0
15.2373,192.832,0.019,0.0
15.2474,192.832,0.019,0.0
15.2574,192.832,0.019,0.0
15.2674,192.92,0.019,0.0
15.2774,192.832,0.019,0.0
15.2874,192.92,0.019,0.0
15.2974,192.832,0.019,0.0
15.3074,192.832,0.019,0.0
15.3174,192.832,0.019,0.0
15.3274,192.92,0.019,0.0
15.3374,192.832,0.019,0.0
15.3474,192.832,0.019,0.0
15.3574,192.832,0.019,0.0
15.3674,192.832,0.019,0.0
15.3774,192.832,0.019,0.0
15.3874,192.92,0.019,0.0
15.3974,192.832,0.019,0.0
15.4074,192.832,0.019,0.0
15.4174,192.832,0.019,0.0
15.4274,192.92,0.019,0.0
15.4374,192.832,0.019,0.0
15.4474,192.92,0.019,0.0
15.4574,192.92,0.019,0.0
15.4674,192.832,0.019,0.0
15.4774,192.832,0.019,0.0
15.4874,192.832,0.019,0.0
15.4974,192.832,0.019,0.0
15.5074,192.832,0.019,0.0
15.5174,192.832,0.019,0.0
15.5275,192.92,0.019,0.0
15.5374,192.832,0.019,0.0
15.5474,192.832,0.019,0.0
15.5574,192.832,0.019,0.0
15.5674,192.92,0.019,0.0
15.5774,192.832,0.019,0.0
15.5874,192.832,0.019,0.0
15.5974,192.832,0.019,0.0
15.6074,192.832,0.019,0.0
15.6174,192.832,0.019,0.0
15.6274,192.832,0.019,0.0
15.6374,192.832,0.019,0.0
15.6474,192.92,0.019,0.0
15.6574,192.832,0.019,0.0
15.6674,192.832,0.019,0.0
15.6774,192.832,0.019,0.0
15.6874,192.832,0.019,0.0
15.6974,192.832,0.019,0.0
15.7074,192.832,0.019,0.0
15.7174,192.832,0.019,0.0
15.7274,192.832,0.019,0.0
15.7374,192.832,0.019,0.0
15.7474,192.832,0.019,0.0
15.7574,192.832,0.019,0.0
15.7674,192.832,0.019,0.0
15.7774,192.832,0.019,0.0
15.7874,192.832,0.019,0.0
15.7974,192.832,0.019,0.0
15.8074,192.92,0.019,0.0
15.8174,192.832,0.019,0.0
15.8274,192.832,0.019,0.0
15.8374,192.832,0.019,0.0
15.8474,192.92,0.019,0.0
15.8574,192.832,0.019,0.0
15.8674,192.832,0.019,0.0
15.8774,192.832,0.019,0.0
15.8874,192.832,0.019,0.0
15.8974,192.92,0.019,0.0
15.9074,192.832,0.019,0.0
15.9174,192.832,0.019,0.0
15.9274,192.92,0.019,0.0
15.9374,192.832,0.019,0.0
15.9474,192.92,0.019,0.0
15.9574,192.832,0.019,0.0
15.9674,192.832,0.019,0.0
15.9774,192.832,0.019,0.0
15.9874,192.92,0.019,0.0
15.9974,192.92,0.019,0.0
16.0074,192.92,0.019,0.0
16.0174,192.92,0.019,0.0
16.0274,192.832,0.019,0.0
16.0374,192.832,0.019,0.0
16.0474,192.832,0.019,0.0
16.0574,192.832,0.019,0.0
16.0674,192.832,0.019,0.0
16.0774,192.832,0.019,0.0
16.0874,192.832,0.019,0.0
16.0974,192.832,0.019,0.0
16.1074,192.832,0.019,0.0
16.1174,192.832,0.019,0.0
16.1274,192.832,0.019,0.0
16.1374,192.832,0.019,0.0
16.1474,192.832,0.019,0.0
16.1574,192.832,0.019,0.0
16.1674,192.832,0.019,0.0
16.1774,192.832,0.019,0.0
16.1874,192.832,0.019,0.0
16.1974,192.832,0.019,0.0
16.2074,192.832,0.019,0.0
16.2174,192.832,0.019,0.0
16.2274,192.92,0.019,0.0
16.2374,192.832,0.019,0.0
16.2474,192.832,0.019,0.0
16.2574,192.832,0.019,0.0
16.2674,192.92,0.019,0.0
16.2774,192.92,0.019,0.0
16.2874,192.92,0.019,0.0
16.2974,192.832,0.019,0.0
16.3074,192.92,0.019,0.0
16.3174,192.832,0.019,0.0
16.3274,192.92,0.019,0.0
16.3374,192.832,0.019,0.0
16.3474,192.92,0.019,0.0
16.3574,192.832,0.019,0.0
16.3674,192.92,0.019,0.0
16.3774,192.832,0.019,0.0
16.3874,192.832,0.019,0.0
16.3974,192.92,0.019,0.0
16.4074,192.832,0.019,0.0
16.4174,192.832,0.019,0.0
16.4274,192.832,0.019,0.0
16.4374,192.832,0.019,0.0
16.4474,192.832,0.019,0.0
16.4574,192.832,0.019,0.0
16.4674,192.832,0.019,0.0
16.4774,192.832,0.019,0.0
16.4874,192.832,0.019,0.0
16.4974,192.832,0.019,0.0
16.5074,192.832,0.019,0.0
16.5174,192.832,0.019,0.0
16.5274,192.832,0.019,0.0
16.5374,192.92,0.019,0.0
16.5474,192.832,0.019,0.0
16.5574,192.832,0.019,0.0
16.5674,192.832,0.019,0.0
16.5774,192.832,0.019,0.0
16.5874,192.832,0.019,0.0
16.5974,192.832,0.019,0.0
16.6074,192.92,0.019,0.0
16.6174,192.832,0.019,0.0
16.6274,192.92,0.019,0.0
16.6374,192.832,0.019,0.0
16.6474,192.832,0.019,0.0
16.6574,192.832,0.019,0.0
16.6674,192.832,0.019,0.0
16.6774,192.832,0.019,0.0
16.6874,192.832,0.019,0.0
16.6974,192.832,0.019,0.0
16.7074,192.832,0.019,0.0
16.7174,192.832,0.019,0.0
16.7274,192.832,0.019,0.0
16.7374,192.832,0.019,0.0
16.7474,192.832,0.019,0.0
16.7574,192.832,0.019,0.0
16.7674,192.832,0.019,0.0
16.7774,192.832,0.019,0.0
16.7874,192.92,0.019,0.0
16.7974,192.832,0.019,0.0
16.8074,192.832,0.019,0.0
16.8174,192.832,0.019,0.0
16.8274,192.92,0.019,0.0
16.8374,192.832,0.019,0.0
16.8474,192.832,0.019,0.0
16.8574,192.832,0.019,0.0
16.8674,192.832,0.019,0.0
16.8774,192.832,0.019,0.0
16.8874,192.92,0.019,0.0
16.8974,192.832,0.019,0.0
16.9074,192.832,0.019,0.0
16.9174,192.92,0.019,0.0
16.9274,192.832,0.019,0.0
16.9374,192.832,0.019,0.0
16.9474,192.832,0.019,0.0
16.9574,192.832,0.019,0.0
16.9674,192.832,0.019,0.0
16.9774,192.832,0.019,0.0
16.9874,192.832,0.019,0.0
16.9974,192.92,0.019,0.0
17.0074,192.92,0.019,0.0
17.0174,192.832,0.019,0.0
17.0274,192.832,0.019,0.0
17.0374,192.832,0.019,0.0
17.0474,192.832,0.019,0.0
17.0574,192.832,0.019,0.0
17.0674,192.832,0.019,0.0
17.0774,192.832,0.019,0.0
17.0874,192.832,0.019,0.0
17.0974,192.832,0.019,0.0
17.1074,192.832,0.019,0.0
17.1174,192.92,0.019,0.0
17.1274,192.92,0.019,0.0
17.1374,192.832,0.019,0.0
17.1474,192.92,0.019,0.0
17.1574,192.832,0.019,0.0
17.1674,192.832,0.019,0.0
17.1774,192.92,0.019,0.0
17.1874,192.92,0.019,0.0
17.1974,192.832,0.019,0.0
17.2074,192.832,0.019,0.0
17.2174,192.832,0.019,0.0
17.2274,192.832,0.019,0.0
17.2374,192.92,0.019,0.0
17.2474,192.832,0.019,0.0
17.2574,192.832,0.019,0.0
17.2674,192.832,0.019,0.0
17.2774,192.832,0.019,0.0
17.2874,192.92,0.019,0.0
17.2974,192.832,0.019,0.0
17.3074,192.832,0.019,0.0
17.3174,192.832,0.019,0.0
17.3274,192.92,0.019,0.0
17.3374,192.832,0.019,0.0
17.3474,192.832,0.019,0.0
17.3574,192.92,0.019,0.0
17.3674,192.832,0.019,0.0
17.3774,192.832,0.019,0.0
17.3874,192.832,0.019,0.0
17.3974,192.832,0.019,0.0
17.4074,192.832,0.019,0.0
17.4174,192.832,0.019,0.0
17.4274,192.832,0.019,0.0
17.4374,192.832,0.019,0.0
17.4474,192.92,0.019,0.0
17.4574,192.832,0.019,0.0
17.4674,192.832,0.019,0.0
17.4774,192.92,0.019,0.0
17.4874,192.832,0.019,0.0
17.4974,192.832,0.019,0.0
17.5074,192.832,0.019,0.0
17.5174,192.832,0.019,0.0
17.5274,192.832,0.019,0.0
17.5374,192.92,0.019,0.0
17.5474,192.832,0.019,0.0
17.5574,192.92,0.019,0.0
17.5674,192.832,0.019,0.0
17.5774,192.92,0.019,0.0
17.5874,192.832,0.019,0.0
17.5974,192.832,0.019,0.0
17.6074,192.832,0.019,0.0
17.6174,192.832,0.019,0.0
17.6274,192.832,0.019,0.0
17.6374,192.832,0.019,0.0
17.6474,192.832,0.019,0.0
17.6574,192.832,0.019,0.0
17.6674,192.92,0.019,0.0
17.6774,192.92,0.019,0.0
17.6874,192.92,0.019,0.0
17.6974,192.832,0.019,0.0
17.7074,192.832,0.019,0.0
17.7174,192.832,0.019,0.0
17.7274,192.832,0.019,0.0
17.7374,192.92,0.019,0.0
17.7474,192.832,0.019,0.0
17.7574,192.832,0.019,0.0
17.7674,192.832,0.019,0.0
17.7774,192.92,0.019,0.0
17.7874,192.832,0.019,0.0
17.7974,192.92,0.019,0.0
17.8074,192.832,0.019,0.0
17.8174,192.832,0.019,0.0
17.8274,192.832,0.019,0.0
17.8374,192.92,0.019,0.0
17.8474,192.832,0.019,0.0
17.8574,192.832,0.019,0.0
17.8674,192.832,0.019,0.0
17.8774,192.92,0.019,0.0
17.8874,192.832,0.019,0.0
17.8974,192.832,0.019,0.0
17.9074,192.832,0.019,0.0
17.9174,192.92,0.019,0.0
17.9274,192.832,0.019,0.0
17.9374,192.832,0.019,0.0
17.9474,192.832,0.019,0.0
17.9574,192.92,0.019,0.0
17.9674,192.832,0.019,0.0
17.9774,192.92,0.019,0.0
17.9874,192.832,0.019,0.0
17.9974,192.832,0.019,0.0
18.0074,192.92,0.019,0.0
18.0174,192.92,0.019,0.0
18.0274,192.832,0.019,0.0
18.0374,192.92,0.019,0.0
18.0474,192.832,0.019,0.0
18.0574,192.92,0.019,0.0
18.0674,192.832,0.019,0.0
18.0774,192.832,0.019,0.0
18.0875,192.92,0.019,0.0
18.0974,192.832,0.019,0.0
18.1075,192.92,0.019,0.0
18.1175,192.832,0.019,0.0
18.1275,192.832,0.019,0.0
18.1374,192.832,0.019,0.0
18.1474,192.832,0.019,0.0
18.1574,192.832,0.019,0.0
18.1675,192.92,0.019,0.0
18.1774,192.92,0.019,0.0
18.1875,192.832,0.019,0.0
18.1974,192.92,0.019,0.0
18.2074,192.832,0.019,0.0
18.2174,192.92,0.019,0.0
18.2274,192.832,0.019,0.0
18.2374,192.832,0.019,0.0
18.2474,192.832,0.019,0.0
18.2574,192.92,0.019,0.0
18.2674,192.832,0.019,0.0
18.2774,192.832,0.019,0.0
18.2874,192.832,0.019,0.0
18.2974,192.832,0.019,0.0
18.3074,192.92,0.019,0.0
18.3174,192.832,0.019,0.0
18.3274,192.92,0.019,0.0
18.3375,192.832,0.019,0.0
18.3474,192.92,0.019,0.0
18.3574,192.832,0.019,0.0
18.3674,192.832,0.019,0.0
18.3774,192.92,0.019,0.0
18.3874,192.92,0.019,0.0
18.3974,192.832,0.019,0.0
18.4074,192.832,0.019,0.0
18.4174,192.832,0.019,0.0
18.4274,192.832,0.019,0.0
18.4374,192.92,0.019,0.0
18.4474,192.92,0.019,0.0
18.4574,192.832,0.019,0.0
18.4674,192.832,0.019,0.0
18.4774,192.832,0.019,0.0
18.4874,192.832,0.019,0.0
18.4974,192.832,0.019,0.0
18.5074,192.832,0.019,0.0
18.5174,192.832,0.019,0.0
18.5274,192.832,0.019,0.0
18.5374,192.832,0.019,0.0
18.5474,192.832,0.019,0.0
18.5574,192.832,0.019,0.0
18.5674,192.832,0.019,0.0
18.5774,192.832,0.019,0.0
18.5874,192.832,0.019,0.0
18.5974,192.832,0.019,0.0
18.6074,192.832,0.019,0.0
18.6174,192.832,0.019,0.0
18.6274,192.832,0.019,0.0
18.6374,192.92,0.019,0.0
18.6474,192.832,0.019,0.0
18.6574,192.832,0.019,0.0
18.6674,192.92,0.019,0.0
18.6774,192.832,0.019,0.0
18.6874,192.92,0.019,0.0
18.6974,192.92,0.019,0.0
18.7074,192.832,0.019,0.0
18.7174,192.832,0.019,0.0
18.7274,192.832,0.019,0.0
18.7374,192.832,0.019,0.0
18.7474,192.832,0.019,0.0
18.7574,192.92,0.019,0.0
18.7674,192.832,0.019,0.0
18.7774,192.832,0.019,0.0
18.7874,192.832,0.019,0.0
18.7974,192.92,0.019,0.0
18.8074,192.832,0.019,0.0
18.8174,192.832,0.019,0.0
18.8274,192.92,0.019,0.0
18.8374,192.832,0.019,0.0
18.8474,192.832,0.019,0.0
18.8574,192.832,0.019,0.0
18.8674,192.832,0.019,0.0
18.8774,192.832,0.019,0.0
18.8874,192.92,0.019,0.0
18.8974,192.832,0.019,0.0
18.9074,192.92,0.019,0.0
18.9174,192.832,0.019,0.0
18.9274,192.832,0.019,0.0
18.9374,192.832,0.019,0.0
18.9474,192.92,0.019,0.0
18.9574,192.832,0.019,0.0
18.9674,192.832,0.019,0.0
18.9774,192.832,0.019,0.0
18.9874,192.92,0.019,0.0
18.9974,192.832,0.019,0.0
19.0074,192.832,0.019,0.0
19.0175,192.832,0.019,0.0
19.0275,192.832,0.019,0.0
19.0375,192.92,0.019,0.0
19.0475,192.832,0.019,0.0
19.0574,192.832,0.019,0.0
19.0675,192.832,0.019,0.0
19.0775,192.832,0.019,0.0
19.0875,192.832,0.019,0.0
19.0975,192.92,0.019,0.0
19.1075,192.92,0.019,0.0
19.1175,192.832,0.019,0.0
19.1275,192.832,0.019,0.0
19.1375,192.832,0.019,0.0
19.1475,192.832,0.019,0.0
19.1575,192.832,0.019,0.0
19.1675,192.832,0.019,0.0
19.1775,192.832,0.019,0.0
19.1875,192.832,0.019,0.0
19.1975,192.832,0.019,0.0
19.2075,192.832,0.019,0.0
19.2174,192.832,0.019,0.0
19.2274,192.832,0.019,0.0
19.2374,192.832,0.019,0.0
19.2474,192.92,0.019,0.0
19.2574,192.832,0.019,0.0
19.2675,192.832,0.019,0.0
19.2774,192.832,0.019,0.0
19.2875,192.832,0.019,0.0
19.2975,192.92,0.019,0.0
19.3075,192.832,0.019,0.0
19.3174,192.832,0.019,0.0
19.3275,192.832,0.019,0.0
19.3375,192.832,0.019,0.0
19.3475,192.832,0.019,0.0
19.3574,192.832,0.019,0.0
19.3675,192.832,0.019,0.0
19.3774,192.832,0.019,0.0
19.3875,192.92,0.019,0.0
19.3974,192.92,0.019,0.0
19.4075,192.832,0.019,0.0
19.4174,192.832,0.019,0.0
19.4274,192.832,0.019,0.0
19.4374,192.832,0.019,0.0
19.4475,192.832,0.019,0.0
19.4574,192.832,0.019,0.0
19.4674,192.832,0.019,0.0
19.4774,192.832,0.019,0.0
19.4875,192.832,0.019,0.0
19.4974,192.92,0.019,0.0
19.5075,192.832,0.019,0.0
19.5174,192.832,0.019,0.0
19.5275,192.92,0.019,0.0
19.5374,192.832,0.019,0.0
19.5474,192.92,0.019,0.0
19.5574,192.832,0.019,0.0
19.5675,192.832,0.019,0.0
19.5774,192.832,0.019,0.0
19.5875,192.832,0.019,0.0
19.5974,192.832,0.019,0.0
19.6075,192.832,0.019,0.0
19.6175,192.92,0.019,0.0
19.6275,192.832,0.019,0.0
19.6375,192.832,0.019,0.0
19.6475,192.832,0.019,0.0
19.6575,192.832,0.019,0.0
19.6675,192.832,0.019,0.0
19.6775,192.832,0.019,0.0
19.6875,192.832,0.019,0.0
19.6975,192.832,0.019,0.0
19.7075,192.832,0.019,0.0
19.7175,192.92,0.019,0.0
19.7275,192.832,0.019,0.0
19.7375,192.832,0.019,0.0
19.7475,192.832,0.019,0.0
19.7575,192.832,0.019,0.0
19.7675,192.832,0.019,0.0
19.7775,192.832,0.019,0.0
19.7875,192.832,0.019,0.0
19.7975,192.832,0.019,0.0
19.8075,192.832,0.019,0.0
19.8175,192.92,0.019,0.0
19.8275,192.832,0.019,0.0
19.8375,192.832,0.019,0.0
19.8475,192.92,0.019,0.0
19.8575,192.832,0.019,0.0
19.8675,192.832,0.019,0.0
19.8775,192.92,0.019,0.0
19.8879,-0.088,0.019,0.0
19.8975,-0.088,0.019,0.0
19.9075,-0.088,0.019,0.0
19.9175,-0.088,0.019,0.0
19.9275,-0.088,0.019,0.0
19.9375,-0.088,0.019,0.0
19.9475,-0.088,0.019,0.0
19.9575,0.0,0.019,0.0
19.9675,0.0,0.019,0.0
19.9775,-0.088,0.019,0.0
19.9875,0.0,0.019,0.0
19.9975,0.0,0.019,0.0
20.0075,-0.088,0.019,0.0
20.0175,-0.088,0.019,0.0
20.0275,-0.088,0.019,0.0
20.0375,-0.088,0.019,0.0
20.0475,-0.088,0.019,0.0
20.0575,-0.088,0.019,0.0
20.0675,-0.088,0.019,0.0
20.0775,-0.088,0.019,0.0
20.0875,-0.088,0.019,0.0
20.0975,-0.088,0.019,0.0
20.1075,-0.088,0.019,0.0
20.1175,-0.088,0.019,0.0
20.1275,-0.088,0.019,0.0
20.1375,0.0,0.019,0.0
20.1475,0.0,0.019,0.0
20.1575,-0.088,0.019,0.0
20.1675,0.0,0.019,0.0
20.1775,-0.088,0.019,0.0
20.1875,0.0,0.019,0.0
20.1975,-0.088,0.019,0.0
20.2075,-0.088,0.019,0.0
20.2175,0.0,0.019,0.0
20.2275,0.0,0.019,0.0
20.2375,-0.088,0.019,0.0
20.2475,-0.088,0.019,0.0
20.2575,-0.088,0.019,0.0
20.2675,-0.088,0.019,0.0
20.2775,-0.088,0.019,0.0
20.2875,-0.088,0.019,0.0
20.2975,-0.088,0.019,0.0
20.3075,0.0,0.019,0.0
20.3175,0.0,0.019,0.0
20.3275,-0.088,0.019,0.0
20.3375,0.0,0.019,0.0
20.3475,0.0,0.019,0.0
20.3575,-0.088,0.019,0.0
20.3675,-0.088,0.019,0.0
20.3775,-0.088,0.019,0.0
20.3875,-0.088,0.019,0.0
20.3976,0.0,0.019,0.0
20.4076,0.0,0.019,0.0
20.4175,-0.088,0.019,0.0
20.4275,-0.088,0.019,0.0
20.4375,-0.088,0.019,0.0
20.4475,-0.088,0.019,0.0
20.4575,-0.088,0.019,0.0
20.4675,-0.088,0.019,0.0
20.4775,-0.088,0.019,0.0
20.4875,0.0,0.019,0.0
20.4975,-0.088,0.019,0.0
20.5075,-0.088,0.019,0.0
20.5175,-0.088,0.019,0.0
20.5275,-0.088,0.019,0.0
20.5375,-0.088,0.019,0.0
20.5475,-0.088,0.019,0.0
20.5575,0.0,0.019,0.0
20.5675,-0.088,0.019,0.0
20.5775,-0.088,0.019,0.0
20.5875,0.0,0.019,0.0
20.5975,-0.088,0.019,0.0
20.6075,-0.088,0.019,0.0
20.6175,-0.088,0.019,0.0
20.6275,-0.088,0.019,0.0
20.6375,-0.088,0.019,0.0
20.6475,0.0,0.019,0.0
20.6575,-0.088,0.019,0.0
20.6675,0.0,0.019,0.0
20.6775,-0.088,0.019,0.0
20.6875,-0.088,0.019,0.0
20.6975,-0.088,0.019,0.0
20.7075,-0.088,0.019,0.0
20.7175,-0.088,0.019,0.0
20.7275,-0.088,0.019,0.0
20.7375,-0.088,0.019,0.0
20.7475,0.0,0.019,0.0
20.7575,-0.088,0.019,0.0
20.7675,0.0,0.019,0.0
20.7775,-0.088,0.019,0.0
20.7875,-0.088,0.019,0.0
20.7975,-0.088,0.019,0.0
20.8075,0.0,0.019,0.0
20.8175,-0.088,0.019,0.0
20.8276,-0.088,0.019,0.0
20.8375,-0.088,0.019,0.0
20.8475,-0.088,0.019,0.0
20.8575,-0.088,0.019,0.0
20.8675,-0.088,0.019,0.0
20.8775,-0.088,0.019,0.0
20.8875,-0.088,0.019,0.0
20.8975,-0.088,0.019,0.0
20.9075,-0.088,0.019,0.0
20.9175,-0.088,0.019,0.0
20.9275,-0.088,0.019,0.0
20.9375,-0.088,0.019,0.0
20.9475,-0.088,0.019,0.0
20.9575,-0.088,0.019,0.0
20.9675,-0.088,0.019,0.0
20.9775,-0.088,0.019,0.0
20.9875,-0.088,0.019,0.0
20.9975,0.0,0.019,0.0
21.0075,0.0,0.019,0.0
21.0176,0.0,0.019,0.0
21.0276,-0.088,0.019,0.0
21.0376,-0.088,0.019,0.0
21.0476,-0.088,0.019,0.0
21.0576,-0.088,0.019,0.0
21.0676,-0.088,0.019,0.0
21.0776,-0.088,0.019,0.0
21.0876,-0.088,0.019,0.0
21.0976,-0.088,0.019,0.0
21.1076,-0.088,0.019,0.0
21.1176,-0.088,0.019,0.0
21.1276,-0.088,0.019,0.0
21.1376,-0.088,0.019,0.0
21.1476,-0.088,0.019,0.0
21.1576,0.0,0.019,0.0
21.1676,0.0,0.019,0.0
21.1776,-0.088,0.019,0.0
21.1876,-0.088,0.019,0.0
21.1976,-0.088,0.019,0.0
21.2076,-0.088,0.019,0.0
21.2176,-0.088,0.019,0.0
21.2276,0.0,0.019,0.0
21.2376,0.0,0.019,0.0
21.2476,-0.088,0.019,0.0
21.2576,-0.088,0.019,0.0
21.2676,-0.088,0.019,0.0
21.2776,-0.088,0.019,0.0
21.2876,-0.088,0.019,0.0
21.2976,-0.088,0.019,0.0
21.3076,0.0,0.019,0.0
21.3176,-0.088,0.019,0.0
21.3276,-0.088,0.019,0.0
21.3376,-0.088,0.019,0.0
21.3477,-0.088,0.019,0.0
21.3577,-0.088,0.019,0.0
21.3676,-0.088,0.019,0.0
21.3777,-0.088,0.019,0.0
21.3876,-0.088,0.019,0.0
21.3976,-0.088,0.019,0.0
21.4077,-0.088,0.019,0.0
21.4176,-0.088,0.019,0.0
21.4277,-0.088,0.019,0.0
21.4377,-0.088,0.019,0.0
21.4478,-0.088,0.019,0.0
21.4577,-0.088,0.019,0.0
21.4676,0.0,0.019,0.0
21.4775,-0.088,0.019,0.0
21.4876,-0.088,0.019,0.0
21.4975,-0.088,0.019,0.0
21.5076,-0.088,0.019,0.0
21.5176,-0.088,0.019,0.0
21.5276,-0.088,0.019,0.0
21.5376,-0.088,0.019,0.0
21.5476,-0.088,0.019,0.0
21.5575,-0.088,0.019,0.0
21.5676,-0.088,0.019,0.0
21.5776,-0.088,0.019,0.0
21.5876,-0.088,0.019,0.0
21.5976,-0.088,0.019,0.0
21.6077,-0.088,0.019,0.0
21.6176,-0.088,0.019,0.0
21.6276,-0.088,0.019,0.0
21.6376,-0.088,0.019,0.0
21.6476,-0.088,0.019,0.0
21.6578,0.0,0.019,0.0
21.6676,-0.088,0.019,0.0
21.6776,-0.088,0.019,0.0
21.6876,-0.088,0.019,0.0
21.6976,-0.088,0.019,0.0
21.7076,-0.088,0.019,0.0
21.7176,-0.088,0.019,0.0
21.7276,-0.088,0.019,0.0
21.7375,-0.088,0.019,0.0
21.7476,-0.088,0.019,0.0
21.7576,-0.088,0.019,0.0
21.7677,-0.088,0.019,0.0
21.7776,0.0,0.019,0.0
21.7876,-0.088,0.019,0.0
21.7975,-0.088,0.019,0.0
21.8075,-0.088,0.019,0.0
21.8176,-0.088,0.019,0.0
21.8276,-0.088,0.019,0.0
21.8376,-0.088,0.019,0.0
21.8476,-0.088,0.019,0.0
21.8576,-0.088,0.019,0.0
21.8675,-0.088,0.019,0.0
21.8775,-0.088,0.019,0.0
21.8875,-0.088,0.019,0.0
21.8975,-0.088,0.019,0.0
21.9076,-0.088,0.019,0.0
21.9176,-0.088,0.019,0.0
21.9276,-0.088,0.019,0.0
21.9375,0.0,0.019,0.0
21.9475,-0.088,0.019,0.0
21.9575,-0.088,0.019,0.0
21.9677,-0.088,0.019,0.0
21.9775,0.0,0.019,0.0
21.9875,-0.088,0.019,0.0
21.9975,-0.088,0.019,0.0
22.0076,0.0,0.019,0.0
22.0176,-0.088,0.019,0.0
22.0276,0.0,0.019,0.0
22.0375,0.0,0.019,0.0
22.0476,-0.088,0.019,0.0
22.0576,-0.088,0.019,0.0
22.0676,-0.088,0.019,0.0
22.0777,-0.088,0.019,0.0
22.0876,-0.088,0.019,0.0
22.0976,-0.088,0.019,0.0
22.1076,-0.088,0.019,0.0
22.1176,-0.088,0.019,0.0
22.1276,-0.088,0.019,0.0
22.1376,-0.088,0.019,0.0
22.1476,0.0,0.019,0.0
22.1576,-0.088,0.019,0.0
22.1676,0.0,0.019,0.0
22.1776,-0.088,0.019,0.0
22.1876,-0.088,0.019,0.0
22.1976,-0.088,0.019,0.0
22.2076,-0.088,0.019,0.0
22.2176,-0.088,0.019,0.0
22.2276,0.0,0.019,0.0
22.2376,-0.088,0.019,0.0
22.2476,0.0,0.019,0.0
22.2576,0.0,0.019,0.0
22.2676,-0.088,0.019,0.0
22.2777,0.0,0.019,0.0
22.2876,-0.088,0.019,0.0
22.2976,-0.088,0.019,0.0
22.3076,-0.088,0.019,0.0
22.3176,0.0,0.019,0.0
22.3276,-0.088,0.019,0.0
22.3376,-0.088,0.019,0.0
22.3476,0.0,0.019,0.0
22.3576,-0.088,0.019,0.0
22.3676,0.0,0.019,0.0
22.3776,-0.088,0.019,0.0
22.3877,-0.088,0.019,0.0
22.3976,-0.088,0.019,0.0
22.4076,-0.088,0.019,0.0
22.4176,-0.088,0.019,0.0
22.4276,-0.088,0.019,0.0
22.4376,-0.088,0.019,0.0
22.4477,-0.088,0.019,0.0
22.4577,-0.088,0.019,0.0
22.4678,-0.088,0.019,0.0
22.4776,0.0,0.019,0.0
22.4876,0.0,0.019,0.0
22.4976,-0.088,0.019,0.0
22.5076,-0.088,0.019,0.0
22.5176,-0.088,0.019,0.0
22.5276,-0.088,0.019,0.0
22.5376,-0.088,0.019,0.0
22.5476,0.0,0.019,0.0
22.5576,-0.088,0.019,0.0
22.5676,-0.088,0.019,0.0
22.5776,-0.088,0.019,0.0
22.5877,-0.088,0.019,0.0
22.5976,-0.088,0.019,0.0
22.6076,-0.088,0.019,0.0
22.6176,-0.088,0.019,0.0
22.6276,-0.088,0.019,0.0
22.6376,0.0,0.019,0.0
22.6476,-0.088,0.019,0.0
22.6576,0.0,0.019,0.0
22.6676,-0.088,0.019,0.0
22.6776,-0.088,0.019,0.0
22.6876,-0.088,0.019,0.0
22.6977,-0.088,0.019,0.0
22.7076,-0.088,0.019,0.0
22.7176,0.0,0.019,0.0
22.7276,-0.088,0.019,0.0
22.7376,-0.088,0.019,0.0
22.7476,-0.088,0.019,0.0
22.7576,-0.088,0.019,0.0
22.7676,-0.088,0.019,0.0
22.7776,-0.088,0.019,0.0
22.7876,-0.088,0.019,0.0
22.7976,-0.088,0.019,0.0
22.8076,-0.088,0.019,0.0
22.8176,0.0,0.019,0.0
22.8276,-0.088,0.019,0.0
22.8376,-0.088,0.019,0.0
22.8476,-0.088,0.019,0.0
22.8576,-0.088,0.019,0.0
22.8676,-0.088,0.019,0.0
22.8776,0.0,0.019,0.0
22.8876,-0.088,0.019,0.0
22.8976,-0.088,0.019,0.0
22.9076,-0.088,0.019,0.0
22.9176,-0.088,0.019,0.0
22.9276,-0.088,0.019,0.0
22.9376,-0.088,0.019,0.0
22.9476,-0.088,0.019,0.0
22.9576,-0.088,0.019,0.0
22.9676,-0.088,0.019,0.0
22.9776,-0.088,0.019,0.0
22.9876,-0.088,0.019,0.0
22.9976,-0.088,0.019,0.0
23.0078,-0.088,0.019,0.0
23.0176,-0.088,0.019,0.0
23.0276,0.0,0.019,0.0
23.0376,-0.088,0.019,0.0
23.0476,-0.088,0.019,0.0
23.0577,-0.088,0.019,0.0
23.0677,-0.088,0.019,0.0
23.0777,0.0,0.019,0.0
23.0877,-0.088,0.019,0.0
23.0977,-0.088,0.019,0.0
23.1076,-0.088,0.019,0.0
23.1177,0.0,0.019,0.0
23.1277,-0.088,0.019,0.0
23.1376,0.0,0.019,0.0
23.1477,-0.088,0.019,0.0
23.1577,0.0,0.019,0.0
23.1677,0.0,0.019,0.0
23.1776,-0.088,0.019,0.0
23.1876,-0.088,0.019,0.0
23.1976,-0.088,0.019,0.0
23.2077,0.0,0.019,0.0
23.2178,-0.088,0.019,0.0
23.2277,-0.088,0.019,0.0
23.2377,-0.088,0.019,0.0
23.248,-0.088,0.019,0.0
23.2576,0.0,0.019,0.0
23.2677,-0.088,0.019,0.0
23.2777,0.0,0.019,0.0
23.2877,-0.088,0.019,0.0
23.2977,0.0,0.019,0.0
23.3077,-0.088,0.019,0.0
23.3177,-0.088,0.019,0.0
23.3277,-0.088,0.019,0.0
23.3377,-0.088,0.019,0.0
23.3477,-0.088,0.019,0.0
23.3577,-0.088,0.019,0.0
23.3677,-0.088,0.019,0.0
23.3777,-0.088,0.019,0.0
23.3877,-0.088,0.019,0.0
23.3977,-0.088,0.019,0.0
23.4077,-0.088,0.019,0.0
23.4177,-0.088,0.019,0.0
23.4277,-0.088,0.019,0.0
23.4377,-0.088,0.019,0.0
23.4477,-0.088,0.019,0.0
23.4577,-0.088,0.019,0.0
23.4677,-0.088,0.019,0.0
23.4777,-0.088,0.019,0.0
23.4877,0.0,0.019,0.0
23.4977,-0.088,0.019,0.0
23.5077,-0.088,0.019,0.0
23.5177,-0.088,0.019,0.0
23.5277,0.0,0.019,0.0
23.5378,-0.088,0.019,0.0
23.5478,-0.088,0.019,0.0
23.5577,-0.088,0.019,0.0
23.5677,-0.088,0.019,0.0
23.5777,-0.088,0.019,0.0
23.5877,-0.088,0.019,0.0
23.5977,-0.088,0.019,0.0
23.6076,-0.088,0.019,0.0
23.6176,-0.088,0.019,0.0
23.6278,-0.088,0.019,0.0
23.6377,-0.088,0.019,0.0
23.6477,-0.088,0.019,0.0
23.6576,-0.088,0.019,0.0
23.6676,-0.088,0.019,0.0
23.6777,-0.088,0.019,0.0
23.6876,-0.088,0.019,0.0
23.6976,-0.088,0.019,0.0
23.7076,-0.088,0.019,0.0
23.7176,-0.088,0.019,0.0
23.7278,-0.088,0.019,0.0
23.7377,-0.088,0.019,0.0
23.7476,-0.088,0.019,0.0
23.7576,-0.088,0.019,0.0
23.7676,0.0,0.019,0.0
23.7776,-0.088,0.019,0.0
23.7877,-0.088,0.019,0.0
23.7977,-0.088,0.019,0.0
23.8077,-0.088,0.019,0.0
23.8177,-0.088,0.019,0.0
23.8276,-0.088,0.019,0.0
23.8376,0.0,0.019,0.0
23.8477,-0.088,0.019,0.0
23.8576,0.0,0.019,0.0
23.8677,-0.088,0.019,0.0
23.8776,-0.088,0.019,0.0
23.8876,-0.088,0.019,0.0
23.8977,-0.088,0.019,0.0
23.9077,-0.088,0.019,0.0
23.9177,0.0,0.019,0.0
23.9277,-0.088,0.019,0.0
23.9377,-0.088,0.019,0.0
23.9477,-0.088,0.019,0.0
23.9577,-0.088,0.019,0.0
23.9678,-0.088,0.019,0.0
23.9776,-0.088,0.019,0.0
23.9877,0.0,0.019,0.0
23.9976,-0.088,0.019,0.0
24.0077,-0.088,0.019,0.0
24.0178,-0.088,0.019,0.0
24.0278,0.0,0.019,0.0
24.0377,-0.088,0.019,0.0
24.0477,-0.088,0.019,0.0
24.0578,-0.088,0.019,0.0
24.0678,-0.088,0.019,0.0
24.0778,0.0,0.019,0.0
24.0877,-0.088,0.019,0.0
24.0977,0.0,0.019,0.0
24.1077,0.0,0.019,0.0
24.1177,0.0,0.019,0.0
24.1278,-0.088,0.019,0.0
24.1378,-0.088,0.019,0.0
24.1477,0.0,0.019,0.0
24.1577,-0.088,0.019,0.0
24.1677,-0.088,0.019,0.0
24.1777,-0.088,0.019,0.0
24.1877,0.0,0.019,0.0
24.1977,0.0,0.019,0.0
24.2077,0.0,0.019,0.0
24.2177,-0.088,0.019,0.0
24.2277,0.0,0.019,0.0
24.2377,-0.088,0.019,0.0
24.2478,-0.088,0.019,0.0
24.2578,-0.088,0.019,0.0
24.2677,-0.088,0.019,0.0
24.2777,-0.088,0.019,0.0
24.2878,0.0,0.019,0.0
24.2978,-0.088,0.019,0.0
24.3079,-0.088,0.019,0.0
24.3178,-0.088,0.019,0.0
24.3278,-0.088,0.019,20.0
24.3377,-0.088,0.019,20.0
24.3477,-0.088,0.019,20.0
24.3577,-0.264,0.02,20.0
24.3677,-0.352,0.021,20.0
24.3777,-0.439,0.021,20.0
24.3877,-0.527,0.022,20.0
24.3977,-0.703,0.023,20.0
24.4077,-0.967,0.025,20.0
24.4177,-1.143,0.026,20.0
24.4278,-1.318,0.02,20.0
24.4378,-1.67,0.029,20.0
24.4477,-1.846,0.03,20.0
24.4577,-2.109,0.032,20.0
24.4677,-2.373,0.034,20.0
24.4777,-2.637,0.036,20.0
24.4877,-2.9,0.037,20.0
24.4977,-3.164,0.039,20.0
24.5077,-3.428,0.041,20.0
24.5177,-3.604,0.043,20.0
24.5277,-3.955,0.045,20.0
24.5377,-4.131,0.047,20.0
24.5477,-4.307,0.049,20.0
24.5577,-4.658,0.051,20.0
24.5677,-4.834,0.054,20.0
24.5777,-5.098,0.056,20.0
24.5877,-5.361,0.059,20.0
24.5977,-5.537,0.061,20.0
24.6077,-5.801,0.064,20.0
24.6176,-5.977,0.066,20.0
24.6277,-6.064,0.069,20.0
24.6376,-6.24,0.071,20.0
24.6476,-6.504,0.074,20.0
24.6576,-6.592,0.077,20.0
24.6676,-6.68,0.08,20.0
24.6777,-6.855,0.083,20.0
24.6876,-7.031,0.086,20.0
24.6977,-7.207,0.09,20.0
24.7077,-7.207,0.093,20.0
24.7177,-7.295,0.096,20.0
24.7276,-7.471,0.1,20.0
24.7376,-7.471,0.103,20.0
24.7477,-7.559,0.106,20.0
24.7576,-7.559,0.11,20.0
24.7677,-7.646,0.113,20.0
24.7776,-7.646,0.116,20.0
24.7877,-7.646,0.12,20.0
24.7977,-7.646,0.123,20.0
24.8077,-7.559,0.127,20.0
24.8177,-7.471,0.13,20.0
24.8277,-7.383,0.134,20.0
24.8377,-7.295,0.138,20.0
24.8477,-7.207,0.142,20.0
24.8576,-7.031,0.145,20.0
24.8677,-6.943,0.149,20.0
24.8777,-6.768,0.153,20.0
24.8877,-6.504,0.156,20.0
24.8976,-6.328,0.16,20.0
24.9077,-6.152,0.164,20.0
24.9177,-5.801,0.167,20.0
24.9277,-5.625,0.171,20.0
24.9377,-5.361,0.174,20.0
24.9477,-5.098,0.178,20.0
24.9577,-4.746,0.181,20.0
24.9677,-4.482,0.186,20.0
24.9777,-4.131,0.189,20.0
24.9877,-3.867,0.194,20.0
24.9977,-3.516,0.198,20.0
25.0077,-3.164,0.202,20.0
25.0177,-2.812,0.206,20.0
25.0277,-2.461,0.21,20.0
25.0377,-2.109,0.215,20.0
25.0477,-1.758,0.219,20.0
25.0577,-1.406,0.223,20.0
25.0677,-1.055,0.227,20.0
25.0777,-0.791,0.231,20.0
25.0877,-0.352,0.235,20.0
25.0977,-0.088,0.239,20.0
25.1077,0.264,0.242,20.0
25.1177,0.615,0.246,20.0
25.1277,0.879,0.251,20.0
25.1377,1.318,0.255,20.0
25.1477,1.582,0.251,20.0
25.1577,1.934,0.263,20.0
25.1677,2.285,0.267,20.0
25.1777,2.637,0.271,20.0
25.1877,2.9,0.275,20.0
25.1977,3.164,0.279,20.0
25.2077,3.428,0.283,20.0
25.2177,3.779,0.287,20.0
25.2277,4.043,0.291,20.0
25.2377,4.307,0.295,20.0
25.2477,4.57,0.298,20.0
25.2577,4.658,0.302,20.0
25.2677,4.922,0.307,20.0
25.2777,5.186,0.311,20.0
25.2877,5.273,0.315,20.0
25.2977,5.537,0.319,20.0
25.3077,5.537,0.324,20.0
25.3177,5.625,0.328,20.0
25.3277,5.713,0.333,0.0
25.3377,5.801,0.337,0.0
25.3477,5.977,0.34,0.0
25.3577,6.064,0.344,0.0
25.3677,6.24,0.347,0.0
25.3777,6.416,0.35,0.0
25.3877,6.68,0.353,0.0
25.3977,6.943,0.355,0.0
25.4077,7.119,0.357,0.0
25.4177,7.471,0.359,0.0
25.4277,7.734,0.36,0.0
25.4377,8.086,0.362,0.0
25.4477,8.438,0.363,0.0
25.4577,8.789,0.363,0.0
25.4677,9.141,0.364,0.0
25.4777,-12.92,0.364,0.0
25.488,10.02,0.364,0.0
25.4977,10.371,0.364,0.0
25.5077,10.723,0.364,0.0
25.5177,10.986,0.364,0.0
25.5277,11.25,0.364,0.0
25.5377,11.514,0.364,0.0
25.5477,11.689,0.364,0.0
25.5577,11.953,0.364,0.0
25.5677,12.041,0.364,0.0
25.5777,12.129,0.364,0.0
25.5877,12.129,0.364,0.0
25.5977,12.129,0.364,0.0
25.6077,12.129,0.364,0.0
25.6177,12.041,0.364,0.0
25.6277,12.041,0.364,0.0
25.6377,11.865,0.364,0.0
25.6477,11.689,0.364,0.0
25.6577,11.426,0.364,0.0
25.6677,11.25,0.364,0.0
25.6777,10.898,0.364,0.0
25.6877,10.635,0.364,0.0
25.6977,10.195,0.364,0.0
25.7077,9.844,0.364,0.0
25.7177,9.404,0.364,0.0
25.7277,9.053,0.364,-40.0
25.7377,8.701,0.363,-40.0
25.7477,8.262,0.363,-40.0
25.7577,7.998,0.361,-40.0
25.7677,7.734,0.36,-40.0
25.7777,7.383,0.358,-40.0
25.7877,7.295,0.356,-40.0
25.7977,7.031,0.353,-40.0
25.8077,6.943,0.35,-40.0
25.8177,6.855,0.347,-40.0
25.8277,6.68,0.351,-40.0
25.8377,6.504,0.34,-40.0
25.8477,6.504,0.344,-40.0
25.8577,6.416,0.332,-40.0
25.8677,6.416,0.327,-40.0
25.8777,6.416,0.322,-40.0
25.8877,6.328,0.318,-40.0
25.8977,6.24,0.32,-40.0
25.9077,6.24,0.308,-40.0
25.9177,6.24,0.303,-40.0
25.9277,6.24,0.298,-40.0
25.9377,6.152,0.293,-40.0
25.9477,6.152,0.287,-40.0
25.9577,6.152,0.282,-40.0
25.9677,6.24,0.277,-40.0
25.9777,6.064,0.271,-40.0
25.9877,6.152,0.265,-40.0
25.9977,6.064,0.259,-40.0
26.0077,5.977,0.253,-40.0
26.0177,5.977,0.248,-40.0
26.0277,5.977,0.242,-40.0
26.0377,5.801,0.236,-40.0
26.0478,5.801,0.23,-40.0
26.0577,5.713,0.224,-40.0
26.0677,5.625,0.217,-40.0
26.0777,5.625,0.211,-40.0
26.0877,5.449,0.204,-40.0
26.0977,5.361,0.205,-40.0
26.1077,5.186,0.19,-40.0
26.1177,5.098,0.183,-40.0
26.1277,5.098,0.177,-40.0
26.1377,4.922,0.17,-40.0
26.1477,4.746,0.163,-40.0
26.1577,4.746,0.157,-40.0
26.1677,4.482,0.15,-40.0
26.1777,4.307,0.151,-40.0
26.1877,4.219,0.136,-40.0
26.1977,4.043,0.129,-40.0
26.2077,3.867,0.122,-40.0
26.2177,3.691,0.115,-40.0
26.2277,3.516,0.108,-40.0
26.2377,3.34,0.101,-40.0
26.2477,3.164,0.094,-40.0
26.2577,3.076,0.086,-40.0
26.2677,2.812,0.078,-40.0
26.2777,2.637,0.071,-40.0
26.2877,2.461,0.063,-40.0
26.2977,2.285,0.056,-40.0
26.3077,2.109,0.048,-40.0
26.3177,1.846,0.041,-40.0
26.3277,1.582,0.034,-40.0
26.3377,1.406,0.026,-40.0
26.3477,1.23,0.019,-40.0
26.3577,0.967,0.019,-40.0
26.3677,0.791,0.004,-40.0
26.3777,0.527,-0.003,-40.0
26.3877,0.264,-0.01,-40.0
26.3977,0.176,-0.018,-40.0
26.4078,-0.088,-0.025,-40.0
26.4178,-0.352,-0.033,-40.0
26.4278,-0.439,-0.041,-40.0
26.4377,-0.791,-0.049,-40.0
26.4477,-0.967,-0.056,-40.0
26.4577,-1.055,-0.064,-40.0
26.4677,-1.23,-0.072,-40.0
26.4777,-1.494,-0.079,-40.0
26.4877,-1.582,-0.086,-40.0
26.4977,-1.846,-0.094,-40.0
26.5077,-2.021,-0.101,-40.0
26.5177,-2.197,-0.109,-40.0
26.5277,-2.461,-0.116,0.0
26.5377,-2.549,-0.124,0.0
26.5477,-2.725,-0.13,0.0
26.5577,-2.988,-0.137,0.0
26.5677,-3.34,-0.143,0.0
26.5777,-3.604,-0.149,0.0
26.5877,-4.043,-0.155,0.0
26.5977,-4.482,-0.161,0.0
26.6077,-4.834,-0.166,0.0
26.6177,-5.361,-0.172,0.0
26.6277,-5.889,-0.177,0.0
26.6377,-6.416,-0.181,0.0
26.6477,-6.943,-0.185,0.0
26.6577,-7.559,-0.181,0.0
26.6677,-8.174,-0.193,0.0
26.6777,-8.701,-0.196,0.0
26.6877,-9.404,-0.199,0.0
26.6977,-10.02,-0.202,0.0
26.7077,-10.635,-0.205,0.0
26.7177,-11.25,-0.207,0.0
26.7277,-11.865,-0.21,0.0
26.7377,-12.48,-0.212,0.0
26.7477,-13.096,-0.214,0.0
26.7577,-13.623,-0.215,0.0
26.7677,-14.326,-0.217,0.0
26.7777,-14.854,-0.218,0.0
26.7877,-15.469,-0.219,0.0
26.7977,-15.996,-0.22,0.0
26.8077,-16.523,-0.22,0.0
26.8177,-16.963,-0.221,0.0
26.8277,-17.578,-0.221,0.0
26.8377,-18.018,-0.221,0.0
26.8477,-18.457,-0.221,0.0
26.8577,-18.809,-0.221,0.0
26.8677,-19.072,-0.221,0.0
26.8777,-19.424,-0.221,0.0
26.8877,-19.6,-0.221,0.0
26.8977,-19.688,-0.221,0.0
26.9077,-19.775,-0.221,0.0
26.9177,-19.688,-0.221,0.0
26.9277,-19.688,-0.221,0.0
26.9377,-19.6,-0.221,0.0
26.9477,-19.424,-0.221,0.0
26.9577,-19.248,-0.221,0.0
26.9678,-18.984,-0.221,0.0
26.9777,-18.633,-0.221,0.0
26.9877,-18.281,-0.221,0.0
26.9977,-17.842,-0.221,0.0
27.0077,-17.314,-0.221,0.0
27.0177,-16.699,-0.221,0.0
27.0277,-16.172,-0.221,0.0
27.0377,-15.557,-0.221,0.0
27.0477,-14.854,-0.221,0.0
27.0577,-14.15,-0.221,0.0
27.0677,-13.359,-0.221,0.0
27.0777,-12.568,-0.221,0.0
27.0877,-11.689,-0.221,0.0
27.0977,-10.811,-0.221,0.0
27.1077,-9.844,-0.221,0.0
27.1177,-8.965,-0.221,0.0
27.1277,-7.998,-0.221,0.0
27.1377,-7.031,-0.221,0.0
27.1477,-5.977,-0.221,0.0
27.1577,-4.922,-0.221,0.0
27.1677,-3.867,-0.221,0.0
27.1777,-2.812,-0.221,0.0
27.1877,-1.758,-0.221,0.0
27.1978,-0.703,-0.221,0.0
27.2077,0.352,-0.221,0.0
27.2177,1.494,-0.221,0.0
27.2277,2.549,-0.221,0.0
27.2377,3.604,-0.221,0.0
27.2477,4.658,-0.221,0.0
27.2577,5.713,-0.221,0.0
27.2677,6.768,-0.221,0.0
27.2777,7.734,-0.221,0.0
27.2877,8.701,-0.221,0.0
27.2977,9.668,-0.221,0.0
27.3077,10.635,-0.221,0.0
27.3177,11.514,-0.221,0.0
27.3277,12.393,-0.221,0.0
27.3377,13.184,-0.221,0.0
27.3477,13.887,-0.221,0.0
27.3577,14.678,-0.221,0.0
27.3677,15.293,-0.221,0.0
27.3777,15.908,-0.221,0.0
27.3877,16.523,-0.221,0.0
27.3977,17.051,-0.221,0.0
27.4077,17.578,-0.221,0.0
27.4177,17.93,-0.221,0.0
27.4279,18.281,-0.221,0.0
27.4378,18.633,-0.221,0.0
27.4478,18.809,-0.221,0.0
27.4577,19.072,-0.221,0.0
27.4677,19.16,-0.221,0.0
27.4777,19.248,-0.221,0.0
27.4877,19.248,-0.221,0.0
27.4977,19.248,-0.221,0.0
27.5077,19.16,-0.221,0.0
27.5177,18.984,-0.221,0.0
27.5277,18.721,-0.221,70.0
27.5377,18.193,-0.227,70.0
27.5477,17.578,-0.217,70.0
27.5577,16.699,-0.215,70.0
27.5677,15.645,-0.211,70.0
27.5777,14.326,-0.206,70.0
27.5877,13.096,-0.201,70.0
27.5977,11.602,-0.196,70.0
27.6077,10.02,-0.19,70.0
27.6177,8.438,-0.183,70.0
27.6277,6.592,-0.176,70.0
27.6377,4.834,-0.169,70.0
27.6477,2.988,-0.161,70.0
27.6577,0.967,-0.154,70.0
27.6677,-0.967,-0.146,70.0
27.6777,-2.9,-0.138,70.0
27.6877,-5.01,-0.13,70.0
27.6977,-6.943,-0.122,70.0
27.7077,-8.965,-0.113,70.0
27.7177,-10.986,-0.104,70.0
27.7277,-12.92,-0.095,70.0
27.7377,-15.117,-0.087,70.0
27.7477,-16.963,-0.078,70.0
27.7577,-18.984,-0.068,70.0
27.7677,-20.742,-0.059,70.0
27.7777,-22.588,-0.049,70.0
27.7877,-24.346,-0.038,70.0
27.7977,-26.016,-0.028,70.0
27.8077,-27.686,-0.018,70.0
27.8177,-29.268,-0.008,70.0
27.8277,-30.85,0.002,0.0
27.8377,-32.168,0.004,0.0
27.8477,-33.398,0.022,0.0
27.8577,-34.453,0.031,0.0
27.8677,-35.332,0.04,0.0
27.8777,-36.123,0.048,0.0
27.8877,-36.826,0.057,0.0
27.8977,-37.354,0.065,0.0
27.9077,-37.705,0.073,0.0
27.9177,-37.793,0.081,0.0
27.9277,-37.881,0.088,0.0
27.9377,-37.705,0.096,0.0
27.9477,-37.529,0.102,0.0
27.9578,-37.266,0.108,0.0
27.9678,-36.65,0.114,0.0
27.9777,-36.123,0.112,0.0
27.9877,-35.332,0.126,0.0
27.9977,-34.453,0.131,0.0
28.0077,-33.398,0.136,0.0
28.0177,-32.256,0.141,0.0
28.0277,-31.025,0.146,0.0
28.0378,-29.531,0.15,0.0
28.0478,-27.949,0.154,0.0
28.0578,-26.279,0.157,0.0
28.0678,-24.521,0.16,0.0
28.0778,-22.676,0.164,0.0
28.0878,-20.654,0.166,0.0
28.0978,-18.545,0.169,0.0
28.1078,-16.348,0.171,0.0
28.1178,-14.062,0.173,0.0
28.1278,-11.602,0.175,0.0
28.1378,-9.141,0.176,0.0
28.1478,-6.592,0.178,0.0
28.1578,-3.955,0.179,0.0
28.1678,-1.23,0.18,0.0
28.1778,1.406,0.18,0.0
28.1878,4.219,0.181,0.0
28.1978,6.943,0.181,0.0
28.2078,-12.832,0.181,0.0
28.2177,12.48,0.181,0.0
28.2277,15.205,0.181,0.0
28.2377,18.018,0.181,0.0
28.2478,20.654,0.181,0.0
28.2577,23.203,0.181,0.0
28.2677,25.752,0.181,0.0
28.2777,28.125,0.181,0.0
28.2877,30.498,0.181,0.0
28.2978,32.695,0.181,0.0
28.3078,34.893,0.181,0.0
28.3178,36.826,0.181,0.0
28.3277,38.672,0.181,0.0
28.3377,40.43,0.181,0.0
28.3478,42.1,0.181,0.0
28.3577,43.682,0.181,0.0
28.3677,45.088,0.181,0.0
28.3777,46.406,0.181,0.0
28.3877,47.549,0.181,0.0
28.3977,48.516,0.181,0.0
28.4078,49.395,0.181,0.0
28.4177,50.098,0.181,0.0
28.4277,50.801,0.181,0.0
28.4377,51.24,0.181,0.0
28.4477,51.68,0.181,0.0
28.4577,51.855,0.181,0.0
28.4677,51.855,0.181,0.0
28.4777,51.768,0.181,0.0
28.4877,51.504,0.181,0.0
28.4977,51.152,0.181,0.0
28.5077,50.713,0.181,0.0
28.5177,50.098,0.181,0.0
28.5278,49.307,0.181,0.0
28.5378,48.428,0.181,0.0
28.5477,47.373,0.181,0.0
28.5577,46.23,0.181,0.0
28.5677,44.912,0.181,0.0
28.5777,43.506,0.181,0.0
28.5877,41.924,0.181,0.0
28.5977,40.254,0.181,0.0
28.6078,38.496,0.181,0.0
28.6178,36.65,0.181,0.0
28.6278,34.629,0.181,0.0
28.6377,32.52,0.181,0.0
28.6478,30.322,0.181,0.0
28.6577,27.949,0.181,0.0
28.6678,25.576,0.181,0.0
28.6777,23.115,0.181,0.0
28.6877,20.566,0.181,0.0
28.6977,18.018,0.181,0.0
28.7077,15.381,0.181,0.0
28.7177,12.656,0.181,0.0
28.7277,9.844,0.181,0.0
28.7377,7.031,0.181,0.0
28.7478,4.219,0.181,0.0
28.7577,1.494,0.181,0.0
28.7678,-1.318,0.181,0.0
28.7778,-4.131,0.181,0.0
28.7878,-6.855,0.181,0.0
28.7977,-9.58,0.181,0.0
28.8078,-12.217,0.181,0.0
28.8177,-14.854,0.181,0.0
28.8278,-17.314,0.181,0.0
28.8377,-19.863,0.181,0.0
28.8478,-22.236,0.181,0.0
28.8578,-24.609,0.181,0.0
28.8678,-26.895,0.181,0.0
28.8777,-29.004,0.181,0.0
28.8878,-31.113,0.181,0.0
28.8978,-33.135,0.181,0.0
28.9078,-34.98,0.181,0.0
28.9178,-36.738,0.181,0.0
28.9278,-38.408,0.181,0.0
28.9378,-39.902,0.181,0.0
28.9478,-41.309,0.181,0.0
28.9578,-42.715,0.181,0.0
28.9678,-43.857,0.181,0.0
28.9778,-44.912,0.181,0.0
28.9878,-45.791,0.181,0.0
28.9978,-46.582,0.181,0.0
29.0078,-47.285,0.181,0.0
29.0178,-47.812,0.181,0.0
29.0278,-48.252,0.181,0.0
29.0378,-48.516,0.181,0.0
29.0478,-48.691,0.181,0.0
29.0578,-48.691,0.181,0.0
29.0678,-48.604,0.181,0.0
29.0778,-48.34,0.181,0.0
29.0878,-47.988,0.181,0.0
29.0978,-47.461,0.181,0.0
29.1078,-46.934,0.181,0.0
29.1178,-46.143,0.181,0.0
29.1278,-45.264,0.181,0.0
29.1378,-44.385,0.181,0.0
29.1478,-43.242,0.181,0.0
29.1578,-42.012,0.181,0.0
29.1678,-40.693,0.181,0.0
29.1778,-39.199,0.181,0.0
29.1878,-37.705,0.181,0.0
29.1978,-36.035,0.181,0.0
29.2078,-34.277,0.181,0.0
29.2178,-32.432,0.181,0.0
29.2278,-30.498,0.181,0.0
29.2378,-28.477,0.181,0.0
29.2478,-26.367,0.181,0.0
29.2578,-24.082,0.181,0.0
29.2678,-21.797,0.181,0.0
29.2778,-19.424,0.181,0.0
29.2878,-17.051,0.181,0.0
29.2978,-14.59,0.181,0.0
29.3078,-12.041,0.181,0.0
29.3178,-9.492,0.181,0.0
29.3278,-6.855,0.181,0.0
29.3378,-4.219,0.181,0.0
29.3478,-1.582,0.181,0.0
29.3578,1.055,0.181,0.0
29.3678,3.691,0.181,0.0
29.3778,6.416,0.181,0.0
29.3878,9.053,0.181,0.0
29.3978,11.689,0.181,0.0
29.4078,14.238,0.181,0.0
29.4178,16.787,0.181,0.0
29.4278,19.336,0.181,0.0
29.4378,21.797,0.181,0.0
29.4478,24.082,0.181,0.0
29.4578,26.367,0.181,0.0
29.4678,28.564,0.181,0.0
29.4778,30.674,0.181,0.0
29.4878,32.695,0.181,0.0
29.4978,34.541,0.181,0.0
29.5078,36.387,0.181,0.0
29.5178,38.057,0.181,0.0
29.5278,39.551,0.181,0.0
29.5378,41.045,0.181,0.0
29.5478,42.363,0.181,0.0
29.5578,43.594,0.181,0.0
29.5678,44.736,0.181,0.0
29.5778,45.615,0.181,0.0
29.5878,46.494,0.181,0.0
29.5978,47.197,0.181,0.0
29.6078,47.725,0.181,0.0
29.6178,48.076,0.181,0.0
29.6278,48.428,0.181,0.0
29.6378,48.604,0.181,0.0
29.6478,48.691,0.181,0.0
29.6578,48.516,0.181,0.0
29.6678,48.34,0.181,0.0
29.6778,47.988,0.181,0.0
29.6878,47.461,0.181,0.0
29.6978,46.846,0.181,0.0
29.7078,46.143,0.181,0.0
29.7178,45.264,0.181,0.0
29.7278,44.297,0.181,0.0
29.7378,43.154,0.181,0.0
29.7478,41.924,0.181,0.0
29.7578,40.518,0.181,0.0
29.7678,39.023,0.181,0.0
29.7778,37.441,0.181,0.0
29.7878,35.684,0.181,0.0
29.7978,33.926,0.181,0.0
29.8078,54.492,0.181,0.0
29.8178,29.971,0.181,0.0
29.8278,27.861,0.181,0.0
29.8378,25.664,0.181,0.0
29.8478,23.379,0.181,0.0
29.8578,21.094,0.181,0.0
29.8678,18.633,0.181,0.0
29.8778,16.172,0.181,0.0
29.8878,13.711,0.181,0.0
29.8978,11.074,0.181,0.0
29.9078,8.525,0.181,0.0
29.9178,5.801,0.181,0.0
29.9278,3.252,0.181,0.0
29.9378,0.615,0.181,0.0
29.9478,-2.021,0.181,0.0
29.9578,-4.658,0.181,0.0
29.9678,-7.207,0.181,0.0
29.9778,-9.756,0.181,0.0
29.9878,-12.217,0.181,0.0
29.9978,-14.678,0.181,0.0
30.0078,-17.051,0.181,0.0
30.0178,-19.424,0.181,0.0
30.0278,-21.621,0.181,0.0
30.0378,-23.818,0.181,0.0
30.0479,-25.928,0.181,0.0
30.0578,-27.949,0.181,0.0
30.0678,-29.883,0.181,0.0
30.0778,-31.729,0.181,0.0
30.0878,-33.398,0.181,0.0
30.0978,-35.068,0.181,0.0
30.1078,-36.562,0.181,0.0
30.1178,-37.969,0.181,0.0
30.1278,-39.199,0.181,0.0
30.1378,-40.43,0.181,0.0
30.1478,-41.484,0.181,0.0
30.1578,-42.451,0.181,0.0
30.1678,-43.242,0.181,0.0
30.1778,-43.945,0.181,0.0
30.1878,-44.473,0.181,0.0
30.1978,-45.0,0.181,0.0
30.2078,-45.264,0.181,0.0
30.2178,-45.527,0.181,0.0
30.2278,-45.615,0.181,0.0
30.2378,-45.527,0.181,0.0
30.2478,-45.352,0.181,0.0
30.2578,-45.088,0.181,0.0
30.2678,-44.561,0.181,0.0
30.2778,-44.033,0.181,0.0
30.2878,-43.418,0.181,0.0
30.2978,-42.627,0.181,0.0
30.3078,-41.748,0.181,0.0
30.3178,-40.693,0.181,0.0
30.3278,-39.639,0.181,0.0
30.3378,-38.408,0.181,0.0
30.3478,-37.09,0.181,0.0
30.3578,-35.684,0.181,0.0
30.3678,-34.102,0.181,0.0
30.3778,-32.52,0.181,0.0
30.3878,-30.762,0.181,0.0
30.3978,-29.004,0.181,0.0
30.4078,-27.07,0.181,0.0
30.4178,-25.137,0.181,0.0
30.4278,-23.027,0.181,0.0
30.4378,-20.918,0.181,0.0
30.4478,-18.809,0.181,0.0
30.4578,-16.523,0.181,0.0
30.4678,-14.238,0.181,0.0
30.4778,-11.865,0.181,0.0
30.4878,-9.492,0.181,0.0
30.4978,-7.031,0.181,0.0
30.5078,-4.57,0.181,0.0
30.5178,-2.109,0.181,0.0
30.5278,0.352,0.181,0.0
30.5378,2.812,0.181,0.0
30.5478,5.361,0.181,0.0
30.5578,7.822,0.181,0.0
30.5678,10.283,0.181,0.0
30.5778,12.744,0.181,0.0
30.5878,15.117,0.181,0.0
30.5978,17.49,0.181,0.0
30.6078,19.688,0.181,0.0
30.6178,21.885,0.181,0.0
30.6278,24.082,0.181,0.0
30.6378,26.104,0.181,0.0
30.6478,28.037,0.181,0.0
30.6578,29.971,0.181,0.0
30.6678,31.729,0.181,0.0
30.6778,33.398,0.181,0.0
30.6878,35.068,0.181,0.0
30.6978,36.562,0.181,0.0
30.7078,37.881,0.181,0.0
30.7178,39.199,0.181,0.0
30.7278,40.254,0.181,0.0
30.7378,41.309,0.181,0.0
30.7478,42.275,0.181,0.0
30.7578,43.066,0.181,0.0
30.7678,43.682,0.181,0.0
30.7778,44.209,0.181,0.0
30.7878,44.648,0.181,0.0
30.7978,45.0,0.181,0.0
30.8078,45.176,0.181,0.0
30.8178,45.176,0.181,0.0
30.8278,45.088,0.181,0.0
30.8378,44.912,0.181,0.0
30.8478,44.561,0.181,0.0
30.8578,44.121,0.181,0.0
30.8678,43.506,0.181,0.0
30.8778,42.803,0.181,0.0
30.8878,42.012,0.181,0.0
30.8978,41.045,0.181,0.0
30.9078,39.99,0.181,0.0
30.9178,38.848,0.181,0.0
30.9278,37.617,0.181,0.0
30.9378,36.211,0.181,0.0
30.9478,34.717,0.181,0.0
30.9578,33.047,0.181,0.0
30.9678,31.377,0.181,0.0
30.9778,29.619,0.181,0.0
30.9878,27.686,0.181,0.0
30.9978,25.752,0.181,0.0
31.0078,23.643,0.181,0.0
31.0178,21.533,0.181,0.0
31.0278,19.336,0.181,0.0
31.0378,17.139,0.181,0.0
31.0479,14.766,0.181,0.0
31.0578,12.48,0.181,0.0
31.0678,10.107,0.181,0.0
31.0778,7.646,0.181,0.0
31.0878,5.186,0.181,0.0
31.0978,2.725,0.181,0.0
31.1078,0.352,0.181,0.0
31.1178,-2.109,0.181,0.0
31.1278,-4.57,0.181,0.0
31.1378,-6.943,0.181,0.0
31.1478,-9.316,0.181,0.0
31.1579,-11.602,0.181,0.0
31.1679,-13.887,0.181,0.0
31.1778,-16.084,0.181,0.0
31.1878,-18.281,0.181,0.0
31.1978,-20.391,0.181,0.0
31.2078,-22.412,0.181,0.0
31.2179,-24.346,0.181,0.0
31.2278,-26.279,0.181,0.0
31.2378,-28.037,0.181,0.0
31.2478,-29.707,0.181,0.0
31.2578,-31.289,0.181,0.0
31.2678,-32.783,0.181,0.0
31.2778,-34.277,0.181,0.0
31.2878,-35.596,0.181,0.0
31.2979,-36.738,0.181,0.0
31.3078,-37.793,0.181,0.0
31.3178,-38.848,0.181,0.0
31.3278,-39.639,0.181,0.0
31.3378,-40.43,0.181,0.0
31.3478,-41.045,0.181,0.0
31.3578,-41.572,0.181,0.0
31.3678,-41.924,0.181,0.0
31.3778,-42.275,0.181,0.0
31.3878,-42.451,0.181,0.0
31.3978,-42.451,0.181,0.0
31.4078,-42.451,0.181,0.0
31.4178,-42.275,0.181,0.0
31.4278,-41.924,0.181,0.0
31.4378,-41.572,0.181,0.0
31.4478,-41.045,0.181,0.0
31.4578,-40.43,0.181,0.0
31.4678,-39.727,0.181,0.0
31.4778,-38.936,0.181,0.0
31.4878,-37.969,0.181,0.0
31.4978,-36.914,0.181,0.0
31.5078,-35.771,0.181,0.0
31.5178,-34.541,0.181,0.0
31.5278,-33.223,0.181,0.0
31.5378,-31.729,0.181,0.0
31.5478,-30.234,0.181,0.0
31.5578,-28.564,0.181,0.0
31.5678,-26.895,0.181,0.0
31.5778,-25.137,0.181,0.0
31.5878,-23.291,0.181,0.0
31.5979,-21.357,0.181,0.0
31.6078,-19.336,0.181,0.0
31.6178,-17.314,0.181,0.0
31.6278,-15.205,0.181,0.0
31.6378,-13.008,0.181,0.0
31.6478,-10.811,0.181,0.0
31.6578,-8.613,0.181,0.0
31.6678,-6.328,0.181,0.0
31.6778,-4.043,0.181,0.0
31.6878,-1.758,0.181,0.0
31.6978,0.615,0.181,0.0
31.7078,2.9,0.181,0.0
31.7178,5.273,0.181,0.0
31.7278,7.559,0.181,0.0
31.7378,9.844,0.181,0.0
31.7478,12.129,0.181,0.0
31.7578,14.326,0.181,0.0
31.7678,16.523,0.181,0.0
31.7778,18.633,0.181,0.0
31.7878,20.742,0.181,0.0
31.7978,22.676,0.181,0.0
31.8078,24.609,0.181,0.0
31.8178,26.455,0.181,0.0
31.8278,28.213,0.181,0.0
31.8378,29.883,0.181,0.0
31.8478,31.377,0.181,0.0
31.8578,32.959,0.181,0.0
31.8678,34.277,0.181,0.0
31.8778,35.596,0.181,0.0
31.8878,36.738,0.181,0.0
31.8978,37.793,0.181,0.0
31.9078,38.76,0.181,0.0
31.9178,39.551,0.181,0.0
31.9278,40.254,0.181,0.0
31.9378,40.869,0.181,0.0
31.9478,41.396,0.181,0.0
31.9578,41.748,0.181,0.0
31.9678,42.012,0.181,0.0
31.9778,42.1,0.181,0.0
31.9878,42.1,0.181,0.0
31.9978,42.012,0.181,0.0
32.0078,41.836,0.181,0.0
32.0178,41.396,0.181,0.0
32.0279,40.957,0.181,0.0
32.0379,40.43,0.181,0.0
32.0479,39.727,0.181,0.0
32.0579,38.936,0.181,0.0
32.0679,38.057,0.181,0.0
32.0778,37.002,0.181,0.0
32.0879,35.859,0.181,0.0
32.0979,34.629,0.181,0.0
32.1079,33.223,0.181,0.0
32.1179,31.816,0.181,0.0
32.1279,30.322,0.181,0.0
32.1379,28.652,0.181,0.0
32.1479,26.895,0.181,0.0
32.1579,25.137,0.181,0.0
32.1679,23.291,0.181,0.0
32.1779,21.357,0.181,0.0
32.1879,19.336,0.181,0.0
32.1979,17.227,0.181,0.0
32.2078,15.117,0.181,0.0
32.2178,12.92,0.181,0.0
32.2278,10.723,0.181,0.0
32.2378,8.438,0.181,0.0
32.2478,6.24,0.181,0.0
32.2578,3.955,0.181,0.0
32.2678,1.67,0.181,0.0
32.2778,-0.615,0.181,0.0
32.2878,-2.9,0.181,0.0
32.2978,-5.186,0.181,0.0
32.3079,-7.383,0.181,0.0
32.3178,-9.58,0.181,0.0
32.3279,-11.777,0.181,0.0
32.3379,-13.887,0.181,0.0
32.3478,-15.908,0.181,0.0
32.3578,-17.93,0.181,0.0
32.3679,-19.863,0.181,0.0
32.3778,-21.709,0.181,0.0
32.3878,-23.555,0.181,0.0
32.3978,-25.225,0.181,0.0
32.4078,-26.895,0.181,0.0
32.4178,-28.477,0.181,0.0
32.4278,-29.883,0.181,0.0
32.4378,-31.289,0.181,0.0
32.4478,-32.607,0.181,0.0
32.4578,-33.75,0.181,0.0
32.4678,-34.805,0.181,0.0
32.4778,-35.859,0.181,0.0
32.4878,-36.65,0.181,0.0
32.4978,-37.441,0.181,0.0
32.5078,-38.145,0.181,0.0
32.5179,-38.672,0.181,0.0
32.5279,-39.111,0.181,0.0
32.5378,-39.463,0.181,0.0
32.5478,-39.639,0.181,0.0
32.5578,-39.727,0.181,0.0
32.5679,-39.727,0.181,0.0
32.5778,-39.551,0.181,0.0
32.5878,-39.375,0.181,0.0
32.5978,-39.023,0.181,0.0
32.6078,-38.584,0.181,0.0
32.6178,-38.057,0.181,0.0
32.6278,-37.354,0.181,0.0
32.6378,-36.65,0.181,0.0
32.6479,-35.771,0.181,0.0
32.6578,-34.805,0.181,0.0
32.6678,-33.75,0.181,0.0
32.6778,-32.607,0.181,0.0
32.6878,-31.377,0.181,0.0
32.6978,-30.059,0.181,0.0
32.7079,-28.564,0.181,0.0
32.7178,-27.07,0.181,0.0
32.7278,-25.488,0.181,0.0
32.7378,-23.818,0.181,0.0
32.7478,-22.148,0.181,0.0
32.7578,-20.303,0.181,0.0
32.7678,-18.457,0.181,0.0
32.7778,-16.523,0.181,0.0
32.7878,-14.59,0.181,0.0
32.7978,-12.568,0.181,0.0
32.8079,-10.459,0.181,0.0
32.8178,-8.35,0.181,0.0
32.8278,-6.24,0.181,0.0
32.8378,-4.043,0.181,0.0
32.8478,-1.934,0.181,0.0
32.8578,0.264,0.181,0.0
32.8678,2.461,0.181,0.0
32.8778,4.658,0.181,0.0
32.8878,6.855,0.181,0.0
32.8978,8.965,0.181,0.0
32.9079,11.162,0.181,0.0
32.9178,13.271,0.181,0.0
32.9278,15.293,0.181,0.0
32.9378,17.314,0.181,0.0
32.9478,19.248,0.181,0.0
32.9578,21.182,0.181,0.0
32.9678,22.939,0.181,0.0
32.9779,24.697,0.181,0.0
32.9879,26.367,0.181,0.0
32.9978,27.949,0.181,0.0
33.0079,29.443,0.181,0.0
33.0179,30.85,0.181,0.0
33.0279,32.168,0.181,0.0
33.0379,33.398,0.181,0.0
33.048,34.453,0.181,0.0
33.0579,35.508,0.181,0.0
33.0679,36.387,0.181,0.0
33.0779,37.178,0.181,0.0
33.0879,37.881,0.181,0.0
33.0979,38.496,0.181,0.0
33.1079,38.936,0.181,0.0
33.1179,39.287,0.181,0.0
33.1279,39.551,0.181,0.0
33.1379,39.639,0.181,0.0
33.1479,39.639,0.181,0.0
33.1579,39.551,0.181,0.0
33.1679,39.375,0.181,0.0
33.1779,39.023,0.181,0.0
33.1879,38.584,0.181,0.0
33.1979,37.969,0.181,0.0
33.2079,37.354,0.181,0.0
33.2179,36.65,0.181,0.0
33.2279,35.771,0.181,0.0
33.2379,34.717,0.181,0.0
33.2479,33.662,0.181,0.0
33.2579,32.52,0.181,0.0
33.2679,31.201,0.181,0.0
33.2779,29.883,0.181,0.0
33.2879,28.389,0.181,0.0
33.2979,26.895,0.181,0.0
33.3079,25.225,0.181,0.0
33.3179,23.555,0.181,0.0
33.3279,21.797,0.181,0.0
33.3379,19.951,0.181,0.0
33.3479,18.018,0.181,0.0
33.3579,16.084,0.181,0.0
33.3679,14.062,0.181,0.0
33.3779,12.041,0.181,0.0
33.3879,9.932,0.181,0.0
33.3979,7.734,0.181,0.0
33.4079,5.625,0.181,0.0
33.4179,3.516,0.181,0.0
33.4279,1.318,0.181,0.0
33.4379,-0.791,0.181,0.0
33.4479,-2.988,0.181,0.0
33.4579,-5.098,0.181,0.0
33.4681,-7.207,0.181,0.0
33.4779,-9.229,0.181,0.0
33.4879,-11.25,0.181,0.0
33.4979,-13.271,0.181,0.0
33.5079,-15.205,0.181,0.0
33.5179,-17.051,0.181,0.0
33.5279,-18.896,0.181,0.0
33.5379,-20.654,0.181,0.0
33.5479,-22.324,0.181,0.0
33.5579,-23.994,0.181,0.0
33.5679,-25.488,0.181,0.0
33.5779,-26.982,0.181,0.0
33.5879,-28.389,0.181,0.0
33.5979,-29.619,0.181,0.0
33.6079,-30.85,0.181,0.0
33.6179,-31.992,0.181,0.0
33.6279,-32.959,0.181,0.0
33.6379,-33.926,0.181,0.0
33.6479,-34.717,0.181,0.0
33.6579,-35.42,0.181,0.0
33.6679,-36.035,0.181,0.0
33.6779,-36.562,0.181,0.0
33.6879,-36.914,0.181,0.0
33.6979,-37.266,0.181,0.0
33.7079,-37.441,0.181,0.0
33.7179,-37.529,0.181,0.0
33.7279,-37.441,0.181,0.0
33.7379,-37.354,0.181,0.0
33.7479,-37.09,0.181,0.0
33.7579,-36.738,0.181,0.0
33.7679,-36.299,0.181,0.0
33.7779,-35.771,0.181,0.0
33.7879,-35.156,0.181,0.0
33.7979,-34.365,0.181,0.0
33.8079,-33.574,0.181,0.0
33.8179,-32.607,0.181,0.0
33.8279,-31.641,0.181,0.0
33.8379,-30.498,0.181,0.0
33.8479,-29.268,0.181,0.0
33.8579,-27.949,0.181,0.0
33.8679,-26.631,0.181,0.0
33.8779,-25.225,0.181,0.0
33.8879,-23.643,0.181,0.0
33.8979,-22.061,0.181,0.0
33.9079,-20.391,0.181,0.0
33.9179,-18.721,0.181,0.0
33.9279,-16.875,0.181,0.0
33.9379,-15.117,0.181,0.0
33.9479,-13.184,0.181,0.0
33.9579,-11.25,0.181,0.0
33.9679,-9.316,0.181,0.0
33.9779,-7.295,0.181,0.0
33.9879,-5.273,0.181,0.0
33.9979,-3.252,0.181,0.0
34.0079,-1.143,0.181,0.0
34.0179,0.879,0.181,0.0
34.0279,2.988,0.181,0.0
34.0379,5.01,0.181,0.0
34.0479,7.119,0.181,0.0
34.0579,9.141,0.181,0.0
34.0679,11.162,0.181,0.0
34.0779,13.096,0.181,0.0
34.0879,15.117,0.181,0.0
34.0979,16.963,0.181,0.0
34.1079,18.809,0.181,0.0
34.1179,20.479,0.181,0.0
34.1279,22.236,0.181,0.0
34.1379,23.818,0.181,0.0
34.1479,25.4,0.181,0.0
34.1579,26.807,0.181,0.0
34.1679,28.213,0.181,0.0
34.1779,29.531,0.181,0.0
34.1879,30.762,0.181,0.0
34.1979,31.816,0.181,0.0
34.2079,32.871,0.181,0.0
34.2179,33.838,0.181,0.0
34.2279,34.629,0.181,0.0
34.2379,35.42,0.181,0.0
34.2479,35.947,0.181,0.0
34.2579,36.475,0.181,0.0
34.2679,36.826,0.181,0.0
34.2779,37.178,0.181,0.0
34.2879,37.354,0.181,0.0
34.2979,37.441,0.181,0.0
34.3079,37.441,0.181,0.0
34.3179,37.266,0.181,0.0
34.3279,37.002,0.181,0.0
34.338,36.65,0.181,0.0
34.3479,36.211,0.181,0.0
34.3579,35.684,0.181,0.0
34.3679,34.98,0.181,0.0
34.3779,34.189,0.181,0.0
34.3879,33.311,0.181,0.0
34.3979,32.432,0.181,0.0
34.4079,31.289,0.181,0.0
34.4179,30.146,0.181,0.0
34.4279,28.916,0.181,0.0
34.4379,27.598,0.181,0.0
34.4479,26.191,0.181,0.0
34.4579,24.697,0.181,0.0
34.4679,23.115,0.181,0.0
34.4779,21.445,0.181,0.0
34.4879,19.775,0.181,0.0
34.4979,18.018,0.181,0.0
34.5079,16.172,0.181,0.0
34.5179,14.326,0.181,0.0
34.5279,12.393,0.181,0.0
34.5379,10.459,0.181,0.0
34.5479,8.438,0.181,0.0
34.5579,6.416,0.181,0.0
34.5679,4.395,0.181,0.0
34.5779,2.373,0.181,0.0
34.5879,0.352,0.181,0.0
34.5979,-1.758,0.181,0.0
34.6079,-3.691,0.181,0.0
34.6179,-5.713,0.181,0.0
34.6279,-7.734,0.181,0.0
34.6379,-9.668,0.181,0.0
34.6479,-11.514,0.181,0.0
34.6579,-13.359,0.181,0.0
34.6679,-15.205,0.181,0.0
34.6779,-16.963,0.181,0.0
34.6879,-18.633,0.181,0.0
34.6979,-20.303,0.181,0.0
34.7079,-21.885,0.181,0.0
34.7179,-23.379,0.181,0.0
34.7279,-24.785,0.181,0.0
34.7379,-26.191,0.181,0.0
34.7479,-27.422,0.181,0.0
34.7579,-28.564,0.181,0.0
34.7679,-29.707,0.181,0.0
34.7779,-30.762,0.181,0.0
34.7879,-31.641,0.181,0.0
34.7979,-32.432,0.181,0.0
34.8079,-33.135,0.181,0.0
34.8179,-33.838,0.181,0.0
34.8279,-34.365,0.181,0.0
34.8379,-34.805,0.181,0.0
34.8479,-35.068,0.181,0.0
34.8579,-35.332,0.181,0.0
34.8679,-35.42,0.181,0.0
34.8779,-35.42,0.181,0.0
34.8879,-35.332,0.181,0.0
34.8979,-35.156,0.181,0.0
34.9079,-34.893,0.181,0.0
34.9179,-34.541,0.181,0.0
34.9279,-34.014,0.181,0.0
34.9379,-33.486,0.181,0.0
34.9479,-32.783,0.181,0.0
34.9579,-31.992,0.181,0.0
34.9679,-31.201,0.181,0.0
34.9779,-30.234,0.181,0.0
34.9879,-29.18,0.181,0.0
34.9979,-28.125,0.181,0.0
35.0079,-26.895,0.181,0.0
35.0179,-25.664,0.181,0.0
35.0279,-24.258,0.181,0.0
35.0379,-22.852,0.181,0.0
35.0479,-21.357,0.181,0.0
35.0579,-19.775,0.181,0.0
35.0679,-18.193,0.181,0.0
35.0779,-16.523,0.181,0.0
35.088,-14.766,0.181,0.0
35.0979,-13.096,0.181,0.0
35.1079,-11.25,0.181,0.0
35.1179,-9.404,0.181,0.0
35.1279,-7.559,0.181,0.0
35.1379,-5.625,0.181,0.0
35.1479,-3.691,0.181,0.0
35.1579,-1.758,0.181,0.0
35.1679,0.176,0.181,0.0
35.1779,2.197,0.181,0.0
35.1879,4.131,0.181,0.0
35.1979,6.064,0.181,0.0
35.2079,7.998,0.181,0.0
35.2179,9.932,0.181,0.0
35.228,11.777,0.181,0.0
35.2379,13.623,0.181,0.0
35.2479,15.469,0.181,0.0
35.2579,17.227,0.181,0.0
35.2679,18.896,0.181,0.0
35.2779,20.479,0.181,0.0
35.2879,22.061,0.181,0.0
35.2979,23.555,0.181,0.0
35.3079,24.961,0.181,0.0
35.3179,26.279,0.181,0.0
35.3279,27.51,0.181,0.0
35.338,28.74,0.181,0.0
35.3479,29.795,0.181,0.0
35.3579,30.762,0.181,0.0
35.3679,31.641,0.181,0.0
35.3779,32.52,0.181,0.0
35.3879,33.135,0.181,0.0
35.3979,33.75,0.181,0.0
35.4079,34.277,0.181,0.0
35.4179,34.717,0.181,0.0
35.4279,35.068,0.181,0.0
35.4379,35.244,0.181,0.0
35.4479,35.332,0.181,0.0
35.4579,35.332,0.181,0.0
35.4679,35.244,0.181,0.0
35.4779,34.98,0.181,0.0
35.4879,34.717,0.181,0.0
35.4979,34.277,0.181,0.0
35.5079,33.75,0.181,0.0
35.5179,33.135,0.181,0.0
35.5279,32.52,0.181,0.0
35.5379,31.641,0.181,0.0
35.5479,30.762,0.181,0.0
35.5579,29.795,0.181,0.0
35.5679,28.74,0.181,0.0
35.5779,27.598,0.181,0.0
35.5879,26.367,0.181,0.0
35.5979,25.049,0.181,0.0
35.6079,23.643,0.181,0.0
35.6179,22.148,0.181,0.0
35.6279,20.654,0.181,0.0
35.6379,18.984,0.181,0.0
35.6479,17.402,0.181,0.0
35.6579,15.645,0.181,0.0
35.6679,13.887,0.181,0.0
35.6779,12.129,0.181,0.0
35.6879,10.283,0.181,0.0
35.6979,8.35,0.181,0.0
35.7079,6.416,0.181,0.0
35.7179,4.57,0.181,0.0
35.7279,2.637,0.181,0.0
35.7379,0.703,0.181,0.0
35.7479,-1.23,0.181,0.0
35.7579,-3.164,0.181,0.0
35.7679,-5.01,0.181,0.0
35.7779,-6.943,0.181,0.0
35.7879,-8.789,0.181,0.0
35.7979,-10.547,0.181,0.0
35.8079,-12.305,0.181,0.0
35.8179,-14.062,0.181,0.0
35.8279,-15.732,0.181,0.0
35.8379,-17.314,0.181,0.0
35.8479,-18.896,0.181,0.0
35.8579,-20.391,0.181,0.0
35.8679,-21.797,0.181,0.0
35.8779,-23.203,0.181,0.0
35.8879,-24.521,0.181,0.0
35.8979,-25.752,0.181,0.0
35.9079,-26.807,0.181,0.0
35.9179,-27.861,0.181,0.0
35.9279,-28.828,0.181,0.0
35.9379,-29.707,0.181,0.0
35.9479,-30.498,0.181,0.0
35.9579,-31.201,0.181,0.0
35.9679,-31.816,0.181,0.0
35.9779,-32.344,0.181,0.0
35.9879,-32.783,0.181,0.0
35.9979,-33.135,0.181,0.0
36.0079,-33.311,0.181,0.0
36.0179,-33.398,0.181,0.0
36.028,-33.486,0.181,0.0
36.038,-33.398,0.181,0.0
36.048,-33.223,0.181,0.0
36.058,-32.959,0.181,0.0
36.068,-32.607,0.181,0.0
36.0779,-32.168,0.181,0.0
36.088,-31.641,0.181,0.0
36.098,-31.025,0.181,0.0
36.108,-30.234,0.181,0.0
36.118,-29.531,0.181,0.0
36.128,-28.564,0.181,0.0
36.138,-27.598,0.181,0.0
36.148,-26.631,0.181,0.0
36.158,-25.488,0.181,0.0
36.168,-24.258,0.181,0.0
36.178,-23.027,0.181,0.0
36.188,-21.621,0.181,0.0
36.1979,-20.215,0.181,0.0
36.2079,-18.809,0.181,0.0
36.2179,-17.227,0.181,0.0
36.2279,-15.645,0.181,0.0
36.2379,-14.062,0.181,0.0
36.2479,-12.393,0.181,0.0
36.2579,-10.723,0.181,0.0
36.2679,-8.965,0.181,0.0
36.2779,-7.207,0.181,0.0
36.2879,-5.361,0.181,0.0
36.298,-3.604,0.181,0.0
36.308,-1.758,0.181,0.0
36.3179,0.088,0.181,0.0
36.3279,1.934,0.181,0.0
36.3379,3.779,0.181,0.0
36.348,5.625,0.181,0.0
36.3579,7.471,0.181,0.0
36.3679,9.229,0.181,0.0
36.3779,10.986,0.181,0.0
36.3879,12.744,0.181,0.0
36.3979,14.502,0.181,0.0
36.4079,16.084,0.181,0.0
36.4179,17.666,0.181,0.0
36.4279,19.248,0.181,0.0
36.4379,20.742,0.181,0.0
36.4479,22.061,0.181,0.0
36.4579,23.467,0.181,0.0
36.4679,24.697,0.181,0.0
36.4779,25.928,0.181,0.0
36.4879,26.982,0.181,0.0
36.4979,28.037,0.181,0.0
